id_reclamacao;id_cliente;tipo_cliente;id_produto;nome_produto;descricao_produto;categoria_produto;preco;vendedor;tipo_vendedor;avaliacao_produto;data_compra;data_abertura;texto_reclamacao;categoria_informada_cliente;tags_sistema;classe
R00144;C0097;padrao;P003;Quebra-cabeça 1000 peças Paisagem Alpina;Quebra-cabeça de 1000 peças, 70 x 50 cm montado;brinquedo;81,53;Ponto Baixo Preço;vendedor;3,6;2026-06-26;2026-07-26;Boa tarde. Ao abrir a embalagem do quebra-cabeça de 1000 peças adquirido recentemente, encontrei um panfleto promovendo um produto cuja comercialização não é permitida nesta plataforma, com contato via WhatsApp para negociação externa. Solicito que a ocorrência seja devidamente apurada pelas instâncias responsáveis.;artigo_proibido;problema|compra|cadastro;artigo_proibido
R00093;C0106;padrao;P031;Mochila executiva impermeável;Mochila para notebook de até 15,6 polegadas, com saída USB;outros;176,83;Ponto Baixo Preço;vendedor;3,8;2026-02-05;2026-02-28;a mochila executiva impermeável que recebi tem o nome escrito errado na própria embalagem, o que deixa claro que não é o produto verdadeiro. além disso, veio com um cheiro forte de plástico insuportável. vou reportar o vendedor ponto baixo preço por entregar algo que não corresponde ao que foi anunciado.;fraude_vendedor;compra|pagamento|urgente|atendimento;falsificado
R00159;C0111;padrao;P029;Panela de pressão 4,5 litros;Panela de pressão com fechamento externo e válvula de segurança;outros;89,74;Importados do Sul;vendedor;2,8;2026-07-23;2026-07-29;Adquiri a Panela de pressão 4,5 litros pelo valor promocional, porém o crédito recebido após a devolução do produto foi calculado com base em um valor inferior ao que efetivamente paguei. O valor correto a ser considerado é R$ 89,74.;devolucao_ressarcimento;produto|pedido;devolucao_ressarcimento
R00118;C0096;padrao;P026;Delineador líquido preto;Delineador de ponta fina, secagem rápida;maquiagem;24,09;MegaOfertas SP;vendedor;2,6;2026-04-19;2026-04-26;a caixa chegou e logo de cara percebi que não tinha lacre nenhum, como se já tivesse sido aberta antes. aí fui ver o manual e era uma folha fotocopiada, bem diferente do impresso que vem nos originais da marca, o que me fez entender o que eu tinha recebido. paguei pelo produto anunciado e veio outra coisa.;falsificado;atendimento|produto|urgente;falsificado
R00174;C0041;padrao;P009;Controle sem fio GamePro X;Controle bluetooth com vibração, compatível com PC e celular;game;150,31;GameStation Oficial;loja_oficial;2,9;2026-07-23;2026-08-20;No dia 23/07 finalizei a compra de um controle sem fio e, enquanto aguardava a entrega, reli a política de devolução disponível no site da GameStation Oficial. O produto chegou alguns dias depois, mas minha dúvida principal permaneceu sem resposta porque o chat levou dias para retornar o contato. O que preciso entender é como proceder formalmente para cancelar a compra dentro do prazo previsto em lei, já que a leitura da política não deixou claro qual intervalo de tempo se aplica ao meu caso. Agradeço a atenção e aguardo orientação objetiva sobre os passos a seguir.;divergente_defeito;produto|ajuda|pagamento|problema;devolucao_ressarcimento
R00184;C0013;premium;P024;Kit pincéis de maquiagem 12 peças;Kit com 12 pincéis e estojo de viagem;maquiagem;98,32;Comercial Andrade;vendedor;3,1;2026-06-10;2026-07-03;Boa noite. Verifiquei que minha fatura apresenta dois lançamentos de R$ 98,32 referentes a um único pedido do Kit pincéis de maquiagem 12 peças, ou seja, o valor foi cobrado em duplicidade.;outros;pedido|urgente|ajuda;outros
R00140;C0018;padrao;P022;Base líquida tom 230;Base líquida de cobertura média, 30 ml;maquiagem;61,01;Comercial Andrade;vendedor;4,9;2026-05-11;2026-06-21;Prezados, A Andrade anuncia a base com uma lista de produtos sob encomenda. Entre esses produtos há mercadorias cuja venda é proibida pelo marketplace.;falsificado;pedido|compra|anuncio;artigo_proibido
R00143;C0070;padrao;P031;Mochila executiva impermeável;Mochila para notebook de até 15,6 polegadas, com saída USB;outros;183,05;Ponto Baixo Preço;vendedor;2,9;2026-01-26;2026-02-21;junto com a mochila executiva impermeável, o anúncio inclui um item que não é permitido ser comercializado nessa plataforma. vale verificar o anúncio, porque quem compra pode acabar se prejudicando por causa disso.;artigo_proibido;produto|problema;artigo_proibido
R00198;C0039;padrao;P007;Patinete infantil dobrável;Patinete de 3 rodas com altura ajustável, até 50 kg;brinquedo;226,52;ToyMundo Oficial;loja_oficial;4,4;2026-08-25;2026-10-19;comprei o patinete infantil dobrável aqui e precisso trocar o pagamento, escolhi boleto mas queria pagar no cartao… alguem sabe como faz isso? fui no app e nao encontrei nenhum lugar pra alterar;outros;atendimento|urgente|produto|garantia;outros
R00011;C0071;padrao;P010;Headset gamer HX-70;Headset com microfone destacável e som posicional;game;230,84;Comercial Andrade;vendedor;4,9;2026-03-14;2026-03-23;Fiz o pedido do headset em 14/03, com prazo de 9 dias úteis para receber o produto, porém ele nunca apareceu aqui. O histórico de movimentação do pacote está parado há dias e o vendedor Andrade não fornece nenhuma informação sobre quando o item vai chegar. E de quebra o aplicativo não me deixa alterar o endereço de um outro pedido, fica o registro. Fico no aguardo.;entrega;garantia|compra|produto|ajuda;entrega
R00064;C0077;padrao;P020;Manual de fotografia digital;Manual com 300 páginas e exercícios por capítulo;livro;97,86;Comercial Andrade;vendedor;4,0;2026-02-02;2026-02-14;Comprei o Manual de fotografia digital e, logo depois, recebi uma mensagem em nome do vendedor solicitando os dados completos do meu cartão de crédito sob pretexto de confirmar o pedido. Não forneci nenhuma informação e venho registrar aqui esse contato suspeito para alertar outros compradores.;fraude_vendedor;urgente|anuncio|produto;fraude_vendedor
R00077;C0104;padrao;P010;Headset gamer HX-70;Headset com microfone destacável e som posicional;game;173,34;Comercial Andrade;vendedor;3,8;2026-03-24;2026-04-24;Boa tarde. Efetuei o pagamento de R$ 173,34 pelo Headset gamer HX-70 e, desde então, não recebi o produto nem qualquer resposta do vendedor. Observo que a conta utilizada para a venda foi criada há poucas semanas e apresentava anúncios com preços muito abaixo do mercado. Solicito que a plataforma investigue a situação. Aguardo retorno.;entrega;anuncio|pedido|atendimento;fraude_vendedor
R00141;C0101;premium;P016;Romance A Casa dos Ventos;Romance, 384 páginas, capa comum;livro;48,78;Livraria Página Dez Oficial;loja_oficial;3,6;2026-07-12;2026-07-22;O anúncio do Romance A Casa dos Ventos, vendido pela Página Dez, exibe na terceira foto um brinde que está fora das categorias de produtos aceitos nesta plataforma. Solicito que a equipe responsável analise o anúncio em questão.;outros;pedido|urgente;artigo_proibido
R00199;C0009;padrao;P024;Kit pincéis de maquiagem 12 peças;Kit com 12 pincéis e estojo de viagem;maquiagem;106,47;Armazém 21;vendedor;2,6;2026-05-23;2026-06-27;Prezados, O cupom de primeira compra estava indicado como válido na etapa do carrinho, porém o desconto não foi descontado no valor final cobrado pelo Kit pincéis de maquiagem 12 peças. Solicito a devolução da diferença referente ao desconto não aplicado. Aguardo retorno. A central de ajuda não responde essa dúvida.;divergente_defeito;ajuda|problema;outros
R00081;C0090;premium;P009;Controle sem fio GamePro X;Controle bluetooth com vibração, compatível com PC e celular;game;132,45;Estoque Livre;vendedor;2,8;2026-03-25;2026-05-12;Realizei a compra do controle e acompanhei o envio normalmente até a chegada dentro do prazo previsto. Ao abrir a embalagem, encontrei apenas um objeto colocado ali para simular peso, enquanto o item adquirido não estava presente. O vendedor Estoque Livre enviou o pacote nessas condições, e espero que a plataforma tome as medidas cabíveis diante do ocorrido. Aguardo retorno.;divergente_defeito;produto|compra|garantia;fraude_vendedor
R00070;C0060;padrao;P005;Pelúcia dinossauro Rex 40 cm;Pelúcia antialérgica com enchimento siliconado;brinquedo;77,86;Estoque Livre;vendedor;3,4;2026-08-22;2026-10-20;Olá, tudo bem? O vendedor Estoque Livre entregou intencionalmente um produto diferente do anunciado. adquiri a **Pelúcia dinossauro Rex 40 cm**, porém recebi um item sem qualquer relação com o anúncio. Além de substituir o produto de forma deliberada, o vendedor exigiu pagamento adicional fora da plataforma, desapareceu após receber os valores e tentou obter dados pessoais meus durante o contato, conduta que evidencia uma ação premeditada para causar prejuízo ao consumidor.;entrega;anuncio|problema|pedido|produto;fraude_vendedor
R00080;C0120;premium;P015;Box trilogia O Reino Partido;Box com os três volumes da trilogia, capa dura;livro;184,34;Central das Marcas;vendedor;4,5;2026-01-14;2026-01-20;Boa tarde. O vendedor Central das Marcas entregou intencionalmente um objeto sem relação com o produto adquirido, o Box trilogia O Reino Partido, com o aparente propósito de registrar uma entrega fictícia no sistema. Além disso, o vendedor exigiu pagamento adicional fora da plataforma, desapareceu após receber os valores e tentou obter dados pessoais do comprador durante o contato. Tais ações configuram conduta deliberadamente enganosa e lesiva ao consumidor, não se tratando de mero equívoco operacional. Solicito a imediata intervenção da plataforma para apuração dos fatos e restituição dos valores pagos.;fraude_vendedor;reembolso|pedido|problema|produto;fraude_vendedor
R00165;C0118;padrao;P010;Headset gamer HX-70;Headset com microfone destacável e som posicional;game;190,62;Vitrine Norte;vendedor;2,7;2026-04-26;2026-05-02;Comprei o Headset gamer HX-70 por R$ 190,62 no cartão de crédito e, ao cancelar o pedido, a plataforma me ofereceu um cupom no lugar do valor pago. O dinheiro foi debitado no meu cartão e é no cartão que preciso receber o crédito de volta, não aceito cupom como solução. E o atendimento do chat demorou dias para responder, fica a reclamação junto.;devolucao_ressarcimento;frete|produto|atendimento|urgente;devolucao_ressarcimento
R00147;C0030;padrao;P011;Teclado mecânico K-500;Teclado mecânico ABNT2 com iluminação configurável;game;301,82;Estoque Livre;vendedor;3,5;2026-07-21;2026-08-04;O anúncio do teclado publicado pelo vendedor Estoque Livre está sendo utilizado de forma enganosa, uma vez que, nas respostas às perguntas dos compradores, o vendedor oferece abertamente um item que viola as políticas da plataforma.;falsificado;produto|atendimento|urgente;artigo_proibido
R00161;C0111;padrao;P010;Headset gamer HX-70;Headset com microfone destacável e som posicional;game;286,98;Estoque Livre;vendedor;4,1;2026-04-03;2026-05-03;Adquiri o Headset gamer HX-70 há 30 dias e o produto não correspondeu ao que eu precisava. Gostaria de entender os passos para retornar o item ao vendedor e ter o montante pago reembolsado.;entrega;ajuda|pedido|compra;devolucao_ressarcimento
R00009;C0113;padrao;P020;Manual de fotografia digital;Manual com 300 páginas e exercícios por capítulo;livro;106,27;Livraria Página Dez Oficial;loja_oficial;3,8;2026-03-09;2026-03-17;Fiz o pedido de dois volumes e, quando o pacote chegou, havia apenas um deles dentro da embalagem. O volume que contém o Manual de fotografia digital não estava presente e, ao consultar o código de rastreamento, não encontrei nenhum registro de movimentação referente a ele. Entrei em contato com a Página Dez, que me informou que os dois volumes teriam sido despachados juntos na mesma remessa. Diante disso, comecei a verificar o que seria necessário para solicitar reembolso caso o problema não fosse resolvido, mas prefiro antes aguardar uma resposta concreta. Tentei também localizar no site da loja o prazo de entrega aplicável à minha cidade, mas não encontrei essa informação em nenhuma parte da política de entregas disponível.;devolucao_ressarcimento;problema|atendimento|compra;entrega
R00190;C0093;padrao;P014;Volante com pedais RaceOne;Volante de 900 graus com pedais e câmbio borboleta;game;890,04;Vitrine Norte;vendedor;2,6;2026-05-22;2026-06-12;Adquiri o volante junto com um plano de garantia estendida pela loja Vitrine Norte, porém estou tendo dificuldade em obter um contato formal para tratar desse serviço, já que o suporte pelo aplicativo retorna apenas respostas automáticas. Aguardo retorno.;outros;pagamento|produto|pedido;outros
R00078;C0116;padrao;P020;Manual de fotografia digital;Manual com 300 páginas e exercícios por capítulo;livro;107,62;Estoque Livre;vendedor;4,7;2026-04-12;2026-05-28;Prezados, Recebi um e-mail não autorizado se passando pela plataforma, contendo um link de pagamento vinculado ao meu pedido do Manual de fotografia digital. Acredito que o vendedor Estoque Livre pode ter compartilhado ou exposto meus dados pessoais da compra, possibilitando que terceiros me contactassem com essa mensagem falsa. Obrigado pela atenção.;fraude_vendedor;frete|pedido|ajuda|compra;fraude_vendedor
R00082;C0007;padrao;P019;Livro infantil O Sapo Azul;Livro ilustrado para primeiros leitores, 48 páginas;livro;29,94;Importados do Sul;vendedor;4,3;2026-04-14;2026-05-27;Realizei uma compra na plataforma e, durante o processo, o vendedor Importados do Sul entrou em contato solicitando uma transferência bancária direta, fora do ambiente do marketplace, como condição para que o livro fosse despachado. Efetuei o pagamento original normalmente pelo site. Depois que o pedido de transferência adicional chegou, tentei responder e iniciar uma conversa, mas as mensagens seguintes ficaram sem resposta. O anúncio permanece ativo e visível para qualquer comprador. Desde então não obtive nenhum retorno, nem do vendedor nem da plataforma. O blog do marketplace traz orientações sobre como comprar com segurança, mas não esclarece o que acontece com os valores pagos quando situações como esta ocorrem.;fraude_vendedor;pedido|produto|reembolso;fraude_vendedor
R00114;C0043;padrao;P025;Máscara de cílios volume intenso;Máscara de cílios à prova d'água;maquiagem;38,42;Loja do Edu;vendedor;2,9;2026-05-19;2026-07-07;Produto suspeito de ser falsificado. Ao comparar a Máscara de cílios volume intenso com um item original, notei diferenças claras no material e no peso. Vender réplica como produto original é crime, e o anúncio continua no ar. Solicito providências.;fraude_vendedor;urgente|produto|problema;falsificado
R00008;C0034;padrao;P007;Patinete infantil dobrável;Patinete de 3 rodas com altura ajustável, até 50 kg;brinquedo;145,59;ToyMundo Oficial;loja_oficial;4,2;2026-03-12;2026-03-19;Adquiri o Patinete infantil dobrável com antecedência de duas semanas em relação à data do aniversário, porém o produto não estava em mãos quando a ocasião chegou e o pedido permanece sem movimentação até o momento. Aguardo retorno sobre a situação.;fraude_vendedor;atendimento|pedido;entrega
R00183;C0104;padrao;P031;Mochila executiva impermeável;Mochila para notebook de até 15,6 polegadas, com saída USB;outros;119,08;Bazar da Serra;vendedor;4,9;2026-03-11;2026-04-28;Bom dia. Gostaria de saber se a mochila funciona em bivolt, pois o anúncio não traz essa informação e o vendedor Bazar não retorna as perguntas feitas.;outros;garantia|problema|produto;outros
R00128;C0068;premium;P032;Garrafa térmica Inox 1 litro;Garrafa de aço inox, conserva por 12 horas;outros;70,04;MegaOfertas SP;vendedor;2,7;2026-01-27;2026-03-25;já reportei esse anúncio uma vez e ele voltou normalzinho, tão vendendo um item que nao deveria estar junto com a garrafa térmica inox 1 litro ali no anúncio. é a segunda vez que reporto isso;artigo_proibido;produto|ajuda|pagamento;artigo_proibido
R00133;C0019;padrao;P021;Paleta de sombras 18 cores Sunset;Paleta com 18 tons matte e cintilantes;maquiagem;60,10;BelezaViva Oficial;loja_oficial;3,5;2026-07-03;2026-07-25;esse anuncio tá incluindo produto proibido junto com a paleta de sombras 18 cores sunset, cuidado galera. alguem precisa verificar isso ai antes que mais gente seja enganada;artigo_proibido;atendimento|pedido;artigo_proibido
R00125;C0095;premium;P001;Boneca de pano Amélia;Boneca artesanal de pano com vestido removível, 35 cm;brinquedo;57,47;ToyMundo Oficial;loja_oficial;3,8;2026-02-24;2026-04-16;Fiz uma compra no marketplace há alguns dias e o pedido chegou dentro do prazo. Ao abrir a embalagem, além do produto principal, havia um item adicional que acompanhava o conjunto. Consultei as diretrizes da plataforma para entender se aquele tipo de item pode circular por aqui, mas não encontrei essa informação listada em lugar nenhum no site. Depois de uma pesquisa fora da plataforma, descobri que o item em questão se enquadra em uma categoria que não pode ser comercializada legalmente. O anúncio original apresentava esse adicional como parte da oferta, o que coloca a publicação em uma situação irregular. Gostaria que a plataforma verificasse esse caso.;outros;problema|compra|atendimento;artigo_proibido
R00138;C0116;padrao;P027;Escada de alumínio 5 degraus;Escada dobrável de alumínio, capacidade de 120 kg;outros;209,41;Casa & Cia Oficial;loja_oficial;3,6;2026-04-19;2026-05-25;segunda vez que denuncio esse anuncio e nada muda, continuam vendendo item proibido junto com a escada de alumínio 5 degraus. denunciei uma vez ja e o anuncio voltou normalmente;artigo_proibido;frete|compra|problema|ajuda;artigo_proibido
R00193;C0053;padrao;P007;Patinete infantil dobrável;Patinete de 3 rodas com altura ajustável, até 50 kg;brinquedo;146,71;Vitrine Norte;vendedor;3,5;2026-04-18;2026-04-24;o patinete infantil dobrável é bivolt ou não?? tô tentando descobrir isso faz dias e o vendedor vitrine norte simplesmente ignora as perguntas, no anúncio também nao tem essa informação em lugar nenhum;outros;pedido|atendimento|urgente|garantia;outros
R00085;C0107;premium;P023;Batom matte vermelho cereja;Batom de longa duração, acabamento matte;maquiagem;35,38;Armazém 21;vendedor;2,6;2026-08-23;2026-09-25;A compra do **Batom matte vermelho cereja** junto ao vendedor Armazém foi unilateralmente cancelada sob alegação de falta de estoque, contudo, no mesmo dia do cancelamento, o produto foi relistado na plataforma com preço superior ao valor originalmente cobrado, o que evidencia que o cancelamento não decorreu de indisponibilidade real do item, mas de recusa deliberada em honrar a transação já concluída a fim de extrair pagamento adicional do consumidor. Diante da conduta intencional do vendedor, solicito que a plataforma instaure apuração formal do ocorrido e adote as medidas cabíveis.;fraude_vendedor;produto|urgente;fraude_vendedor
R00094;C0020;premium;P004;Blocos de montar Cidade 350 peças;Kit de blocos plásticos compatíveis com as principais marcas;brinquedo;147,20;Vitrine Norte;vendedor;4,0;2026-05-06;2026-05-19;Adquiri os Blocos de montar Cidade 350 peças e, ao comparar com um produto original, ficou claro que o material e o peso são diferentes. Trata-se de uma réplica comercializada como produto original, o que configura prática ilegal, e o anúncio ainda permanece ativo na plataforma.;divergente_defeito;anuncio|compra|atendimento|produto;falsificado
R00038;C0061;padrao;P028;Cafeteira elétrica Aroma 30 xícaras;Cafeteira com jarra de vidro e desligamento automático;outros;162,48;Importados do Sul;vendedor;4,2;2026-06-14;2026-07-08;Recebi a Cafeteira elétrica Aroma 30 xícaras com arranhões na superfície, embalagem aberta e reselada com fita adesiva, sendo que o produto foi anunciado como novo.;divergente_defeito;ajuda|anuncio|problema;divergente_defeito
R00163;C0064;padrao;P016;Romance A Casa dos Ventos;Romance, 384 páginas, capa comum;livro;53,85;Livraria Página Dez Oficial;loja_oficial;4,4;2026-02-17;2026-03-19;paguei r$ 53,85 pelo romance a casa dos ventos e o valor que voltou pra minha conta foi menor do que isso, tá faltando dinheiro e ninguém consegue me explicar por que tem essa diferença. preciso que mandem o restante que ficou faltando;divergente_defeito;atendimento|pedido|cadastro;devolucao_ressarcimento
R00087;C0096;padrao;P024;Kit pincéis de maquiagem 12 peças;Kit com 12 pincéis e estojo de viagem;maquiagem;79,59;Ponto Baixo Preço;vendedor;2,7;2026-08-13;2026-09-06;Comprei o Kit pincéis de maquiagem 12 peças por R$ 79,59 e o vendedor Ponto Baixo desapareceu após a compra. Percebi que a conta dele foi criada há poucas semanas e só possui anúncios com preços muito abaixo do mercado, o que é bastante suspeito. Parece claramente uma conta falsa criada para aplicar golpes.;fraude_vendedor;compra|atendimento|ajuda;fraude_vendedor
R00192;C0012;padrao;P020;Manual de fotografia digital;Manual com 300 páginas e exercícios por capítulo;livro;100,40;Loja do Edu;vendedor;2,9;2026-07-06;2026-08-01;Comprei o Manual de fotografia digital e não recebi a nota fiscal no e-mail cadastrado. Necessito do documento para fins de seguro. Alguém pode me orientar sobre como solicitar a segunda via? Fico no aguardo. A central de ajuda não responde essa dúvida.;divergente_defeito;compra|produto|garantia|pedido;outros
R00120;C0107;premium;P026;Delineador líquido preto;Delineador de ponta fina, secagem rápida;maquiagem;29,58;Bazar da Serra;vendedor;4,8;2026-01-25;2026-01-29;Comprei o delineador e fiquei muito insatisfeita com o que recebi. As fotos do anúncio mostram o produto original da marca, porém o item entregue é claramente diferente, de qualidade inferior. Trata-se de uma falsificação sendo vendida como produto legítimo. Aguardo retorno.;falsificado;problema|atendimento|devolucao|pedido;falsificado
R00029;C0073;padrao;P006;Jogo de tabuleiro Ilha do Tesouro;Jogo de estratégia para 2 a 6 jogadores, a partir de 8 anos;brinquedo;121,31;Estoque Livre;vendedor;3,8;2026-07-11;2026-07-16;Adquiri o Jogo de tabuleiro Ilha do Tesouro pelo vendedor Estoque Livre, porém recebi apenas um dos dois volumes do pedido. O volume que contém o jogo em si nunca chegou às minhas mãos e sequer consta qualquer registro de movimentação dele. O vendedor afirma ter enviado os dois volumes simultaneamente. Desde já agradeço.;devolucao_ressarcimento;compra|problema|cadastro|urgente;entrega
R00032;C0111;padrao;P012;Mouse gamer Vortex 12000 dpi;Mouse com sensor óptico de 12000 dpi e 7 botões;game;185,55;GameStation Oficial;loja_oficial;2,8;2026-08-04;2026-09-28;Comprei o Mouse gamer Vortex 12000 dpi e o produto apresentou defeito já no primeiro dia de uso, com a costura se desfazendo. Entrei em contato com o vendedor GameStation há mais de uma semana solicitando a troca, porém não recebi nenhuma resposta até o momento. Registro ainda que a entrega atrasou uma semana além do prometido.;divergente_defeito;atendimento|pagamento|produto|ajuda;divergente_defeito
R00113;C0087;padrao;P022;Base líquida tom 230;Base líquida de cobertura média, 30 ml;maquiagem;78,54;Comercial Andrade;vendedor;2,5;2026-04-06;2026-05-18;recebi a base líquida tom 230 semana passada e logo que abri a caixa senti um cheiro forte de plástico que não dava pra ignorar. fui olhar a embalagem com mais calma e percebi que o nome da marca estava escrito errado, diferente do que aparecia no anúncio. tentei usar o produto mas o cheiro continuava intenso e a textura não parecia com nada que eu já tivesse comprado dessa linha antes. registrei tudo com fotos no mesmo dia e entrei em contato com o vendedor comercial andrade sem obter resposta satisfatória. estou formalizando aqui o ocorrido para que a plataforma tome as providências cabíveis.;fraude_vendedor;ajuda|produto|pedido|garantia;falsificado
R00101;C0010;premium;P013;Cadeira gamer ErgoMax;Cadeira reclinável com apoio lombar, até 120 kg;game;880,26;Loja do Edu;vendedor;4,4;2026-07-17;2026-08-17;A Cadeira gamer ErgoMax chegou com embalagem diferente da que aparecia no anúncio e sem o selo de garantia do fabricante. Ao examinar o item, notei que o acabamento não corresponde ao padrão esperado da marca. O vendedor Edu publicou especificações que não batem com o que foi entregue, e o conjunto desses elementos aponta para uma origem distinta da declarada. Aguardo retorno.;divergente_defeito;produto|pedido|devolucao;falsificado
R00004;C0104;padrao;P030;Luminária de mesa articulada;Luminária LED com braço articulado e três tons de luz;outros;86,49;Estoque Livre;vendedor;2,9;2026-02-02;2026-02-27;Comprei a Luminária de mesa articulada pelo vendedor Estoque Livre, porém o produto foi devolvido à origem após três tentativas de contato no local sem que o interfone fosse acionado. O item retornou ao vendedor e segue sem ser recebido por mim. Solicito também o reembolso do valor do frete pago, uma vez que o serviço contratado não foi concluído.;devolucao_ressarcimento;garantia|problema|pedido;entrega
R00054;C0059;premium;P016;Romance A Casa dos Ventos;Romance, 384 páginas, capa comum;livro;65,62;Livraria Página Dez Oficial;loja_oficial;4,8;2026-06-22;2026-08-11;Prezados, Comprei o Romance A Casa dos Ventos e após três dias de uso o botão principal afundou e o produto parou de funcionar. O item ainda está dentro do prazo de garantia e solicito a substituição. Vi que existe uma tabela de garantia mas não descobri o prazo da minha categoria.;divergente_defeito;pedido|urgente|frete;divergente_defeito
R00065;C0015;padrao;P027;Escada de alumínio 5 degraus;Escada dobrável de alumínio, capacidade de 120 kg;outros;194,51;Vitrine Norte;vendedor;3,0;2026-06-14;2026-06-24;O vendedor Vitrine cancelou minha compra da escada sob a justificativa de falta de estoque, porém o mesmo produto foi relistado no anúncio no mesmo dia, desta vez com preço superior ao que eu havia pago. Solicito que a plataforma investigue essa conduta e providencie uma resolução com urgência. O blog de vocês fala de compra segura mas não diz o que acontece com o pagamento nesses casos.;entrega;problema|pedido|produto;fraude_vendedor
R00104;C0077;padrao;P020;Manual de fotografia digital;Manual com 300 páginas e exercícios por capítulo;livro;100,87;MegaOfertas SP;vendedor;2,9;2026-08-09;2026-09-22;Boa noite. O produto recebido, intitulado **Manual de fotografia digital**, apresenta características que indicam tratar-se de uma imitação da obra original, uma vez que, ao ser comparado com outro exemplar legítimo do mesmo título, foram constatadas diferenças perceptíveis na qualidade do papel e no peso do volume. O item não é autêntico, tendo sido comercializado no marketplace como se fosse um exemplar genuíno da obra. O anúncio permanece ativo na plataforma, e aguardo um posicionamento formal sobre o caso.;falsificado;urgente|produto|garantia;falsificado
R00042;C0111;padrao;P025;Máscara de cílios volume intenso;Máscara de cílios à prova d'água;maquiagem;36,62;Armazém 21;vendedor;4,7;2026-02-09;2026-04-02;O produto chegou com alguns dias de atraso e a embalagem externa apresentava amassados visíveis. Na primeira vez que fui utilizá-lo, percebi que o botão principal já estava afundado, sem funcionar corretamente. Entrei em contato com o vendedor há mais de uma semana relatando o ocorrido e solicitando a troca, mas até o momento não recebi nenhuma resposta. Obrigado pela atenção.;divergente_defeito;ajuda|produto|compra;divergente_defeito
R00107;C0099;padrao;P020;Manual de fotografia digital;Manual com 300 páginas e exercícios por capítulo;livro;77,99;Loja do Edu;vendedor;4,9;2026-05-23;2026-06-08;Bom dia. Recebi o livro e percebi imediatamente que a qualidade da impressão, das costuras e das cores do logotipo não correspondem ao produto original, que já tive em mãos anteriormente. Trata-se claramente de um item falsificado, e ao verificar as avaliações da Loja do Edu, constatei que outros compradores relatam exatamente o mesmo problema. Obrigado pela atenção.;falsificado;compra|ajuda|atendimento|cadastro;falsificado
R00178;C0009;padrao;P017;Guia prático de horta urbana;Guia ilustrado de cultivo em pequenos espaços, 240 páginas;livro;76,52;Livraria Página Dez Oficial;loja_oficial;3,7;2026-04-21;2026-05-07;o app trava toda vez que tento gerar a etiqueta de postagem do guia prático de horta urbana, ja fiz isso umas 5 vezes e nao consigo, o livro ta aqui parado sem eu poder mandar de volta;devolucao_ressarcimento;produto|ajuda|pedido|cadastro;devolucao_ressarcimento
R00164;C0034;padrao;P005;Pelúcia dinossauro Rex 40 cm;Pelúcia antialérgica com enchimento siliconado;brinquedo;69,83;ToyMundo Oficial;loja_oficial;2,7;2026-04-02;2026-04-05;Efetuei a compra da dinossauro Rex no dia 02/04 e, dentro do prazo legal de 7 dias previsto pelo Código de Defesa do Consumidor, desejo cancelar o pedido e receber o produto de volta ao vendedor. Gostaria de saber como proceder para iniciar esse processo. Obrigado.;devolucao_ressarcimento;urgente|atendimento|ajuda;devolucao_ressarcimento
R00100;C0077;padrao;P004;Blocos de montar Cidade 350 peças;Kit de blocos plásticos compatíveis com as principais marcas;brinquedo;92,54;Estoque Livre;vendedor;3,5;2026-08-10;2026-09-16;Recebi os blocos enviados pelo vendedor e, ao abrir a embalagem, percebi que o produto não correspondia ao que eu conhecia da marca. A embalagem em si já chamou atenção, diferente do padrão que o anúncio mostrava, mas o que mais me surpreendeu foram os materiais e o acabamento, nitidamente distintos do que se espera do fabricante. Comparando com referências que tenho do item legítimo, ficou claro que o que chegou até mim não saiu das linhas de produção originais. Tentei registrar tudo em fotos para anexar à reclamação, mas não encontrei no site onde enviar esse tipo de arquivo. Também busquei as diretrizes da plataforma sobre o assunto, sem sucesso. Agradeço desde já pela atenção.;falsificado;urgente|problema|compra;falsificado
R00003;C0060;padrao;P007;Patinete infantil dobrável;Patinete de 3 rodas com altura ajustável, até 50 kg;brinquedo;198,31;Ponto Baixo Preço;vendedor;3,0;2026-01-22;2026-02-16;faz 25 dias que paguei e o patinete tá no mesmo ponto desde então, parado no centro de distribuição sem nenhuma movimentação. abri o rastreamento hoje de manhã e a situação é exatamente igual à do dia que comprei. já pensei em pedir reembolso do frete por causa do atraso, mas o que eu quero mesmo é entender por que o produto não saiu do lugar em quase um mês. alguém consegue me explicar o que tá acontecendo?;devolucao_ressarcimento;produto|compra|urgente|garantia;entrega
R00086;C0114;premium;P013;Cadeira gamer ErgoMax;Cadeira reclinável com apoio lombar, até 120 kg;game;720,90;Bazar da Serra;vendedor;3,2;2026-01-11;2026-02-02;Recebi a entrega da cadeira vendida pelo Bazar da Serra, porém a caixa chegou completamente vazia. Trata-se de uma situação inadmissível e solicito o bloqueio do vendedor e o reembolso integral do valor pago. Aguardo retorno.;entrega;pagamento|urgente|problema|produto;fraude_vendedor
R00063;C0085;padrao;P012;Mouse gamer Vortex 12000 dpi;Mouse com sensor óptico de 12000 dpi e 7 botões;game;175,99;Comercial Andrade;vendedor;2,9;2026-07-03;2026-07-15;recebi a caixa do mouse gamer vortex 12000 dpi e tinha um tijolo dentro, nao acredietei quando abri. a comercial andrade ta aplicando golpe nos clientes, cuidado pessoal. denunciem esse vendedor pra plataforma urgente O blog de vocês fala de compra segura mas não diz o que acontece com o pagamento nesses casos.;fraude_vendedor;urgente|frete|atendimento;fraude_vendedor
R00155;C0082;padrao;P018;HQ Guardiões da Aurora volume 3;História em quadrinhos, edição colorida de 96 páginas;livro;47,83;Importados do Sul;vendedor;4,1;2026-02-13;2026-03-03;Bom dia. Realizei a solicitação de reembolso referente à compra do HQ dos Guardiões e, em resposta, foi oferecido um cupom da plataforma como alternativa. Não tenho interesse nessa opção. O pagamento de R$ 47,83 foi efetuado via cartão e solicito que o estorno seja realizado diretamente nessa forma de pagamento.;devolucao_ressarcimento;pagamento|ajuda|compra|pedido;devolucao_ressarcimento
R00015;C0033;padrao;P033;Suporte veicular para celular;Suporte de painel com trava automática;outros;33,63;Bazar da Serra;vendedor;4,2;2026-01-23;2026-02-10;Realizei a compra do Suporte veicular para celular pelo vendedor Bazar da Serra, porém o produto foi encaminhado para uma cidade diferente da minha devido a um endereço incorreto na etiqueta, sendo que meus dados cadastrais estão devidamente corretos. Até o momento, nem o vendedor nem o marketplace assumiram a responsabilidade pela resolução do problema. Procurei a política de entregas no site e não achei o prazo que vale para a minha cidade.;entrega;compra|anuncio|pedido;entrega
R00017;C0037;padrao;P020;Manual de fotografia digital;Manual com 300 páginas e exercícios por capítulo;livro;85,24;Loja do Edu;vendedor;3,2;2026-04-14;2026-05-07;Realizei a compra do Manual de fotografia digital em 14/04 na Edu, porém o pedido não foi entregue dentro do prazo estabelecido. Tentei contato com o vendedor para obter informações, mas não obtive nenhuma resposta.;fraude_vendedor;pagamento|pedido|problema|ajuda;entrega
R00171;C0073;padrao;P030;Luminária de mesa articulada;Luminária LED com braço articulado e três tons de luz;outros;69,56;Casa & Cia Oficial;loja_oficial;2,9;2026-05-24;2026-06-14;Boa noite. Comprei a luminária há 21 dias e ela não atendeu às minhas necessidades. Preciso saber como proceder para que o item seja retirado e o dinheiro pago seja reembolsado. Aguardo orientações. Li a política de devolução no site mas não entendi qual prazo vale para o meu caso.;devolucao_ressarcimento;pedido|atendimento|problema;devolucao_ressarcimento
R00006;C0008;premium;P031;Mochila executiva impermeável;Mochila para notebook de até 15,6 polegadas, com saída USB;outros;174,31;Armazém 21;vendedor;4,0;2026-02-28;2026-03-10;"O representante responsável pelo envio confirmou verbalmente que o pacote com a mochila foi perdido, porém o sistema continua exibindo o status de ""em transporte"". Solicito um posicionamento oficial sobre o ocorrido. Fico no aguardo.";entrega;problema|cadastro|urgente;entrega
R00083;C0046;padrao;P019;Livro infantil O Sapo Azul;Livro ilustrado para primeiros leitores, 48 páginas;livro;34,73;Comercial Andrade;vendedor;3,5;2026-04-19;2026-05-18;recebi um tijolo no lugar do livro infantil o sapo azul, tô em choque... aí a Andrade manda um tijlro dentro da caixa e some com o meu dinheiro?? cuidado com esse vendedor, é golpe na certa, precisam bloquear essa loja;fraude_vendedor;compra|atendimento|cadastro;fraude_vendedor
R00166;C0040;padrao;P028;Cafeteira elétrica Aroma 30 xícaras;Cafeteira com jarra de vidro e desligamento automático;outros;110,60;MegaOfertas SP;vendedor;2,9;2026-03-04;2026-03-06;Bom dia. Solicitei a devolução da cafeteira e o pedido foi aprovado no sistema, porém a coleta do produto nunca foi agendada. Estou aguardando o reembolso de R$ 110,60 para concluir o processo.;devolucao_ressarcimento;problema|pedido;devolucao_ressarcimento
R00149;C0080;padrao;P026;Delineador líquido preto;Delineador de ponta fina, secagem rápida;maquiagem;30,74;Estoque Livre;vendedor;3,0;2026-03-27;2026-05-12;Fiz uma compra recentemente e o produto chegou dentro do prazo e em boas condições. Junto com o Delineador líquido preto, havia um segundo item que não estava listado no meu pedido e que, pelo que entendo, está sujeito a regras específicas sobre como pode ser comercializado e transportado, regras essas que aparentemente não foram observadas nessa ocasião. Tentei encontrar no site alguma referência sobre quais itens são permitidos ou não na plataforma, mas não localizei essa informação. Gostaria de saber como devo agir diante disso e peço que a situação fique registrada formalmente. Aguardo retorno com urgência.;artigo_proibido;garantia|urgente|problema;artigo_proibido
R00061;C0112;padrao;P027;Escada de alumínio 5 degraus;Escada dobrável de alumínio, capacidade de 120 kg;outros;204,97;Ponto Baixo Preço;vendedor;4,6;2026-01-10;2026-02-20;Recebi o pacote dentro do prazo esperado, porém ao abrir a embalagem encontrei somente um objeto sem valor usado para simular peso, sem nenhum sinal da Escada de alumínio 5 degraus que havia comprado. Trata-se de uma prática fraudulenta do vendedor Ponto Baixo Preço, e solicito que as devidas providências sejam tomadas. Fico no aguardo.;fraude_vendedor;anuncio|atendimento|ajuda;fraude_vendedor
R00019;C0032;padrao;P013;Cadeira gamer ErgoMax;Cadeira reclinável com apoio lombar, até 120 kg;game;1058,17;Ponto Baixo Preço;vendedor;4,8;2026-03-21;2026-03-26;Recebi apenas um dos dois volumes do meu pedido, e justamente o volume que contém a Cadeira gamer ErgoMax está faltando, sem qualquer registro no rastreamento. O vendedor Ponto Baixo Preço afirma que ambos os volumes foram despachados juntos.;entrega;urgente|problema|reembolso;entrega
R00146;C0009;padrao;P007;Patinete infantil dobrável;Patinete de 3 rodas com altura ajustável, até 50 kg;brinquedo;178,43;Central das Marcas;vendedor;3,8;2026-05-02;2026-06-25;Encomendei um patinete e ele chegou dentro do prazo, sem avarias. Ao conferir o que veio na caixa, notei que um dos itens incluídos na embalagem é daqueles que a legislação vigente exige documentação específica para que possam circular no mercado. Voltei ao anúncio para verificar se essa documentação estava indicada em algum lugar e não encontrei nenhuma referência a ela. Tentei também localizar no site algum guia com as regras sobre o que pode e o que não pode ser comercializado na plataforma, mas não achei nada do tipo. Gostaria de saber como essa situação é tratada.;artigo_proibido;produto|urgente|problema;artigo_proibido
R00119;C0099;padrao;P027;Escada de alumínio 5 degraus;Escada dobrável de alumínio, capacidade de 120 kg;outros;182,40;Armazém 21;vendedor;5,0;2026-07-12;2026-09-10;Boa tarde. Realizei a compra de uma escada de alumínio de 5 degraus e, ao tentar registrá-la pelo aplicativo oficial da marca, o número de série informado não foi reconhecido pelo sistema. O produto recebido também apresenta algumas diferenças visuais em relação ao que estava ilustrado no anúncio. Entrei no site da plataforma para entender como proceder e localizar onde enviar as fotos que documentam a situação, mas não consegui encontrar essa opção. Diante disso, solicito o reembolso do valor pago e peço que a plataforma verifique as condições do anúncio em questão. Obrigado pela atenção.;falsificado;produto|pagamento|pedido|atendimento;falsificado
R00050;C0081;padrao;P013;Cadeira gamer ErgoMax;Cadeira reclinável com apoio lombar, até 120 kg;game;1009,45;Armazém 21;vendedor;4,8;2026-02-21;2026-04-06;Fiz o pedido com base nas especificações do anúncio, que indicavam compatibilidade com qualquer tensão da rede elétrica doméstica. A encomenda chegou com alguns dias de atraso em relação ao prazo informado, e a embalagem apresentava amassados visíveis. Ao tentar instalar o produto, percebi que ele aceita somente uma das duas tensões disponíveis nas residências brasileiras, o que torna impossível o uso no meu domicílio. As informações divulgadas antes da compra não correspondiam ao que foi entregue. Agradeço a atenção.;devolucao_ressarcimento;compra|atendimento;divergente_defeito
R00076;C0109;padrao;P009;Controle sem fio GamePro X;Controle bluetooth com vibração, compatível com PC e celular;game;142,95;Loja do Edu;vendedor;4,0;2026-02-17;2026-04-10;Bom dia. Recebi a encomenda do Controle sem fio GamePro X vendido pela Loja do Edu, porém a caixa veio completamente sem o produto no interior. Solicito o bloqueio do vendedor e o reembolso do valor pago. Aguardo retorno.;fraude_vendedor;compra|urgente;fraude_vendedor
R00007;C0120;premium;P027;Escada de alumínio 5 degraus;Escada dobrável de alumínio, capacidade de 120 kg;outros;244,46;Central das Marcas;vendedor;4,1;2026-05-07;2026-05-22;Em 07/05 efetuei a compra de uma escada de alumínio de 5 degraus junto ao vendedor Central das Marcas. O prazo de entrega estipulado no momento da compra já se encerrou e o produto ainda não chegou até mim. Tentei entrar em contato com o vendedor para entender o que havia acontecido, mas não recebi nenhuma resposta. Nesse contexto, além de aguardar uma solução para a situação principal, mencionei também a intenção de solicitar o reembolso do valor do frete, já que o serviço pelo qual paguei não foi realizado.;entrega;compra|urgente|pagamento|problema;entrega
R00194;C0087;padrao;P003;Quebra-cabeça 1000 peças Paisagem Alpina;Quebra-cabeça de 1000 peças, 70 x 50 cm montado;brinquedo;79,08;Comercial Andrade;vendedor;3,0;2026-03-04;2026-04-24;Bom dia. Comprei o quebra-cabeça e a fatura do cartão apresentou dois lançamentos de R$ 79,08 referentes ao mesmo pedido, sendo que a compra foi realizada uma única vez. Fico no aguardo. A central de ajuda não responde essa dúvida.;outros;frete|ajuda|problema;outros
R00170;C0023;padrao;P024;Kit pincéis de maquiagem 12 peças;Kit com 12 pincéis e estojo de viagem;maquiagem;57,36;MegaOfertas SP;vendedor;3,3;2026-04-26;2026-05-14;A devolução do Kit pincéis de maquiagem 12 peças ao vendedor MegaOfertas foi realizada no momento da entrega devido à embalagem danificada, porém as cobranças parceladas continuam sendo debitadas normalmente.;devolucao_ressarcimento;pedido|compra;devolucao_ressarcimento
R00168;C0022;padrao;P033;Suporte veicular para celular;Suporte de painel com trava automática;outros;43,40;Comercial Andrade;vendedor;2,6;2026-06-06;2026-06-16;to tentando devolver esse suporte veicular para celular faz um tempão e o app simplesmente nao gera a etiqueta de postagem, ja tentei umas 5 vezes e nada. o produto ta aqui parado em casa sem eu conseguir enviar de volta de jeito nenhum.;devolucao_ressarcimento;urgente|reembolso|problema;devolucao_ressarcimento
R00172;C0043;padrao;P027;Escada de alumínio 5 degraus;Escada dobrável de alumínio, capacidade de 120 kg;outros;162,11;MegaOfertas SP;vendedor;4,9;2026-01-25;2026-02-17;A escada chegou ao vendedor MegaOfertas há duas semanas, com rastreamento confirmando o recebimento por parte deles, porém os R$ 162,11 ainda não apareceram na minha conta até o momento. Registro também que a caixa chegou danificada pelo transporte. Obrigado pela atenção.;devolucao_ressarcimento;produto|atendimento|problema;devolucao_ressarcimento
R00013;C0040;padrao;P015;Box trilogia O Reino Partido;Box com os três volumes da trilogia, capa dura;livro;134,97;Central das Marcas;vendedor;4,1;2026-04-08;2026-04-13;faz 5 dias que paguei pelo box trilogia o reino partido e até agora nao recebi nada, o rastreamento continua parado no centro de distribuiçao sem nenhuma atualizaçao, alguem pode me ajudar??;entrega;compra|produto|ajuda;entrega
R00021;C0010;premium;P032;Garrafa térmica Inox 1 litro;Garrafa de aço inox, conserva por 12 horas;outros;96,60;Casa & Cia Oficial;loja_oficial;2,7;2026-05-08;2026-05-21;Realizei a compra da Garrafa térmica Inox 1 litro em 08/05 com prazo de 9 dias úteis, porém o produto nunca foi recebido. O sistema de monitoramento parou de registrar movimentações e o vendedor Casa e Cia não apresenta nenhuma nova data para resolução. Solicito ainda o reembolso do valor do frete pago, uma vez que o serviço pelo qual paguei não foi cumprido.;entrega;ajuda|anuncio|problema;entrega
R00058;C0015;padrao;P017;Guia prático de horta urbana;Guia ilustrado de cultivo em pequenos espaços, 240 páginas;livro;50,57;Vitrine Norte;vendedor;3,6;2026-02-16;2026-03-19;Recebi o Guia prático de horta urbana em condições incompatíveis com o anunciado: o item apresenta arranhões visíveis e a embalagem original estava violada, tendo sido refechada com fita adesiva. Solicito providências para resolução do caso.;divergente_defeito;cadastro|atendimento|pedido;divergente_defeito
R00030;C0072;padrao;P013;Cadeira gamer ErgoMax;Cadeira reclinável com apoio lombar, até 120 kg;game;741,81;Estoque Livre;vendedor;3,7;2026-04-23;2026-05-13;tô no 27º dia util esperando a cadeira gamer ergomax aqui em casa e nada. paguei frete e o prazo que me venderam era de 12 dias uteis, ja passou mais que o dobro disso e o produto continua do mesmo jeito no sistema, sem novidade nenhuma. tres vezes ja mudaro a data prevista e eu aqui sem a cadeira.;entrega;pedido|urgente|frete|produto;entrega
R00196;C0119;padrao;P010;Headset gamer HX-70;Headset com microfone destacável e som posicional;game;171,23;Importados do Sul;vendedor;2,6;2026-02-19;2026-04-12;Troquei de celular e agora não consigo mais acessar minha conta, pois o código de verificação não chega ao novo número. Tenho um pedido do Headset gamer HX-70 aguardando resolução por conta disso.;outros;pedido|compra|ajuda;outros
R00177;C0002;premium;P007;Patinete infantil dobrável;Patinete de 3 rodas com altura ajustável, até 50 kg;brinquedo;211,35;ToyMundo Oficial;loja_oficial;4,0;2026-01-27;2026-02-22;Bom dia. O vendedor ToyMundo se recusa a aceitar o retorno do Patinete infantil dobrável, contando o prazo a partir da data da compra em vez da data de recebimento do produto. Solicito revisão urgente deste caso.;devolucao_ressarcimento;pedido|ajuda|anuncio;devolucao_ressarcimento
R00126;C0060;padrao;P023;Batom matte vermelho cereja;Batom de longa duração, acabamento matte;maquiagem;28,25;Estoque Livre;vendedor;3,9;2026-02-26;2026-04-16;Bom dia. A descrição do Batom matte vermelho cereja inclui um acessório que exige registro obrigatório para comercialização, mas o anúncio não apresenta nenhum número de registro referente a esse item. Desde já agradeço.;outros;produto|garantia|compra|pedido;artigo_proibido
R00045;C0044;padrao;P010;Headset gamer HX-70;Headset com microfone destacável e som posicional;game;160,22;Loja do Edu;vendedor;3,1;2026-07-21;2026-07-29;Comprei o Headset gamer HX-70 esperando receber a cor exibida nas fotos do anúncio, porém o produto entregue possui uma cor completamente distinta. Além disso, as dimensões reais do headset são significativamente menores do que as imagens sugerem. Solicito uma solução para essa situação. E a caixa veio amassada, o transporte também não ajudou. Fico no aguardo.;devolucao_ressarcimento;ajuda|pedido|urgente;divergente_defeito
R00135;C0058;padrao;P021;Paleta de sombras 18 cores Sunset;Paleta com 18 tons matte e cintilantes;maquiagem;61,07;BelezaViva Oficial;loja_oficial;4,4;2026-08-08;2026-09-02;A encomenda chegou no prazo, embalada direitinho, e a paleta estava em perfeito estado. Enquanto conferia o conteúdo, percebi que havia um item adicional junto que me deixou em dúvida sobre se aquele tipo de produto poderia circular nesta plataforma. Fui procurar no site alguma página que listasse o que é permitido ou não ser comercializado aqui, mas não encontrei essa informação em lugar nenhum.;falsificado;atendimento|urgente;artigo_proibido
R00040;C0035;padrao;P032;Garrafa térmica Inox 1 litro;Garrafa de aço inox, conserva por 12 horas;outros;96,52;Bazar da Serra;vendedor;3,3;2026-03-10;2026-04-10;A garrafa térmica chegou com especificação diferente da anunciada: o anúncio informava que o produto era bivolt, porém o item recebido opera apenas em 110V. Por conta dessa divergência nas informações, o produto está inutilizável na minha residência, o que caracteriza um erro no anúncio.;divergente_defeito;atendimento|urgente;divergente_defeito
R00185;C0017;padrao;P012;Mouse gamer Vortex 12000 dpi;Mouse com sensor óptico de 12000 dpi e 7 botões;game;126,84;Loja do Edu;vendedor;4,1;2026-03-24;2026-03-27;Realizei um pedido do Vortex esta manhã sem intenção, e preciso cancelá-lo, porém o aplicativo não exibe nenhuma opção para isso.;divergente_defeito;compra|atendimento;outros
R00127;C0030;padrao;P027;Escada de alumínio 5 degraus;Escada dobrável de alumínio, capacidade de 120 kg;outros;197,37;Casa & Cia Oficial;loja_oficial;4,3;2026-07-19;2026-09-13;Bom dia. O vendedor Casa & Cia Oficial utiliza o anúncio da escada para atrair compradores e, na seção de perguntas e respostas do próprio anúncio, oferece abertamente um item diferente, que vai contra as políticas da plataforma. Desde já agradeço.;artigo_proibido;pedido|anuncio|compra|urgente;artigo_proibido
R00175;C0046;padrao;P030;Luminária de mesa articulada;Luminária LED com braço articulado e três tons de luz;outros;90,98;Casa & Cia Oficial;loja_oficial;4,6;2026-04-15;2026-04-26;Olá, tudo bem? Fiz a solicitação de estorno referente à compra da Luminária de mesa articulada, no valor de R$ 90,98, e a plataforma me ofereceu um cupom como alternativa. Não tenho interesse em cupom, pois o pagamento foi realizado no cartão e é no cartão que desejo receber o estorno. Li a política de devolução no site mas não entendi qual prazo vale para o meu caso.;devolucao_ressarcimento;produto|problema;devolucao_ressarcimento
R00092;C0102;padrao;P013;Cadeira gamer ErgoMax;Cadeira reclinável com apoio lombar, até 120 kg;game;1095,03;Bazar da Serra;vendedor;3,3;2026-08-01;2026-08-27;Entrei em contato com o fabricante da ErgoMax e o número de série do produto que recebi do vendedor Bazar da Serra não foi localizado no sistema oficial deles. Realizei a verificação duas vezes para ter certeza. O produto não está registrado pelo fabricante. Obrigado pela atenção.;falsificado;atendimento|problema|pedido;falsificado
R00048;C0010;premium;P030;Luminária de mesa articulada;Luminária LED com braço articulado e três tons de luz;outros;132,08;Armazém 21;vendedor;3,1;2026-08-12;2026-09-21;Quando o pacote finalmente chegou, alguns dias depois do prazo previsto, a caixa já anunciava o que estava por vir. amassada e recolada com fita adesiva sobre um rasgo visível. Ao abrir, a luminária apresentava arranhões espalhados pela superfície, marcas que não combinam com nenhum produto comprado como novo.;devolucao_ressarcimento;problema|pedido|compra;divergente_defeito
R00023;C0044;padrao;P018;HQ Guardiões da Aurora volume 3;História em quadrinhos, edição colorida de 96 páginas;livro;42,08;Livraria Página Dez Oficial;loja_oficial;2,8;2026-07-24;2026-08-03;faz 10 dias que o dinheiro saiu da minha conta e o HQ Guardiões da Aurora volume 3 tá parado no mesmo lugar desde o primeiro dia, sem avançar um metro sequer. a livraria página dez oficial nao dá satisfação nenhuma, o produto simplesmente ficou estacionado e eu aqui sem o item que paguei;entrega;reembolso|atendimento|pedido;entrega
R00062;C0015;padrao;P023;Batom matte vermelho cereja;Batom de longa duração, acabamento matte;maquiagem;44,36;Central das Marcas;vendedor;3,4;2026-05-19;2026-06-05;Prezados, Fiz uma compra do Batom matte vermelho cereja com o vendedor Central das Marcas, que solicitou uma transferência adicional fora da plataforma como condição para liberar a entrega do produto. Após realizar o contato, o vendedor deixou de responder às mensagens. O anúncio segue ativo e aguardo uma solução para o caso.;divergente_defeito;produto|compra|problema;fraude_vendedor
R00072;C0065;padrao;P013;Cadeira gamer ErgoMax;Cadeira reclinável com apoio lombar, até 120 kg;game;859,76;Estoque Livre;vendedor;3,8;2026-03-02;2026-04-02;Comprei a Cadeira gamer ErgoMax pelo vendedor Estoque Livre e, antes de receber o produto, fui informado de que precisaria fazer uma transferência adicional para que a entrega fosse liberada. Realizei o contato, mas o vendedor simplesmente parou de responder. O anúncio segue disponível normalmente na plataforma.;divergente_defeito;produto|problema;fraude_vendedor
R00071;C0005;padrao;P005;Pelúcia dinossauro Rex 40 cm;Pelúcia antialérgica com enchimento siliconado;brinquedo;84,52;Estoque Livre;vendedor;3,6;2026-01-12;2026-03-09;Realizei a compra de uma pelúcia dinossauro Rex 40 cm e o pacote chegou dentro do prazo combinado. Ao abrir a embalagem, encontrei apenas um objeto sem valor que havia sido colocado ali para simular peso, enquanto o item que eu havia comprado não estava presente. O vendedor Estoque Livre enviou esse pacote nessas condições e solicito que as devidas providências sejam tomadas.;fraude_vendedor;ajuda|atendimento|frete;fraude_vendedor
R00112;C0109;padrao;P032;Garrafa térmica Inox 1 litro;Garrafa de aço inox, conserva por 12 horas;outros;112,36;Armazém 21;vendedor;2,5;2026-08-09;2026-08-24;Olá, tudo bem? O número de série da Garrafa térmica Inox 1 litro, vendida pelo Armazém, não aparece no sistema de verificação do site do fabricante. Realizei a consulta duas vezes e o resultado foi o mesmo: o código não é reconhecido. Procurei as regras de autenticidade no site e não achei como enviar as fotos.;falsificado;pedido|urgente;falsificado
R00116;C0098;padrao;P031;Mochila executiva impermeável;Mochila para notebook de até 15,6 polegadas, com saída USB;outros;202,31;Bazar da Serra;vendedor;2,9;2026-04-22;2026-06-12;Comprei a Mochila executiva impermeável e quando precisei de suporte técnico levei o produto a uma assistência autorizada. O atendente verificou o item e informou que não era possível registrar o atendimento porque o produto não constava nos sistemas da marca. Saí da loja sem resolução e voltei para casa tentando entender o que havia acontecido. Acessei o site do fabricante em busca de algum canal para enviar fotos e documentar a situação, mas não encontrei esse caminho em lugar nenhum. O valor que paguei correspondia a um item reconhecido oficialmente, e o que tenho em mãos não é aceito nos canais que a própria marca disponibiliza, o que ficou bem diferente do que o anúncio descrevia. Não consegui avançar por conta própria e preciso de orientação sobre como resolver.;fraude_vendedor;cadastro|produto|ajuda|atendimento;falsificado
R00051;C0017;padrao;P021;Paleta de sombras 18 cores Sunset;Paleta com 18 tons matte e cintilantes;maquiagem;111,32;BelezaViva Oficial;loja_oficial;2,9;2026-06-17;2026-07-22;Comprei a paleta Sunset e o produto entregue apresenta acabamento e pigmentação visivelmente abaixo do que as fotos e a descrição do anúncio mostravam, sendo que o anúncio especificava 18 tons entre matte e cintilantes com qualidade que não vejo refletida no item que recebi. Registro ainda que a entrega atrasou uma semana além do prometido.;devolucao_ressarcimento;urgente|ajuda|compra;divergente_defeito
R00181;C0098;padrao;P016;Romance A Casa dos Ventos;Romance, 384 páginas, capa comum;livro;47,00;MegaOfertas SP;vendedor;4,8;2026-04-19;2026-06-15;Prezados, Estou tentando atualizar o endereço de entrega do meu pedido do Casa dos Ventos, que ainda não foi despachado, porém o aplicativo apresenta erro sempre que realizo a alteração. Fico no aguardo.;divergente_defeito;problema|atendimento|anuncio;outros
R00036;C0118;padrao;P011;Teclado mecânico K-500;Teclado mecânico ABNT2 com iluminação configurável;game;403,38;Comercial Andrade;vendedor;4,7;2026-05-15;2026-05-25;O teclado que recebi em 15/05 emite um ruído anormal durante o uso e desliga sozinho sem nenhuma ação da minha parte. Solicito a troca do produto. Fico no aguardo.;divergente_defeito;pedido|compra|urgente|frete;divergente_defeito
R00079;C0071;padrao;P004;Blocos de montar Cidade 350 peças;Kit de blocos plásticos compatíveis com as principais marcas;brinquedo;133,88;Central das Marcas;vendedor;2,7;2026-02-23;2026-04-21;recebi meu pedido dos blocos de montar cidade 350 peças e quando abri a caixa só tinha papelão dentro, fiquei em choque. a central das marcas me deu um golpe, paguei e não recebi nada do que comprei. alguem pode me ajudar a resolver isso??;entrega;cadastro|problema|ajuda;fraude_vendedor
R00189;C0115;padrao;P025;Máscara de cílios volume intenso;Máscara de cílios à prova d'água;maquiagem;35,44;BelezaViva Oficial;loja_oficial;2,8;2026-02-11;2026-03-24;O desconto de primeira compra que estava disponível no carrinho não foi descontado no momento do pagamento da Máscara de cílios volume intenso. Solicito que a diferença seja estornada ou compensada.;outros;urgente|frete|pedido;outros
R00132;C0073;padrao;P006;Jogo de tabuleiro Ilha do Tesouro;Jogo de estratégia para 2 a 6 jogadores, a partir de 8 anos;brinquedo;138,99;Central das Marcas;vendedor;2,9;2026-02-17;2026-02-22;Olá, tudo bem? O vendedor Central das Marcas está adicionando ao Jogo de tabuleiro Ilha do Tesouro um software ativado por chave, sendo que este site não permite a venda desse tipo de produto. Solicito que o caso seja analisado pela equipe responsável.;artigo_proibido;urgente|compra|produto;artigo_proibido
R00148;C0074;padrao;P014;Volante com pedais RaceOne;Volante de 900 graus com pedais e câmbio borboleta;game;621,02;Importados do Sul;vendedor;4,0;2026-02-26;2026-04-25;segunda vez que denuncio esse vendedor 'importados do sul', continua vendendo item proibido junto co o volante com pedais raceone mesmo depois da primeira denuncia que fiz. o anuncio voltou normalmente, absurdo isso;falsificado;problema|pedido|produto|pagamento;artigo_proibido
R00069;C0068;premium;P011;Teclado mecânico K-500;Teclado mecânico ABNT2 com iluminação configurável;game;245,80;Importados do Sul;vendedor;4,4;2026-04-25;2026-05-20;recebi a encomenda do teclado mecânico k-500 e adivinhem o que tinha dentro da caixa?? papelão!! o vendedor importados do sul me mandou uma caixa cheia de papelão no lugar do produto, que roubalhera é essa;fraude_vendedor;produto|garantia|problema;fraude_vendedor
R00179;C0028;premium;P025;Máscara de cílios volume intenso;Máscara de cílios à prova d'água;maquiagem;56,33;BelezaViva Oficial;loja_oficial;2,7;2026-03-09;2026-03-19;Adquiri a Máscara de cílios volume intenso por R$ 56,33 durante uma promoção, porém o crédito lançado em minha conta corresponde a um montante inferior ao que efetivamente paguei. Solicito a correção para o montante correto de R$ 56,33. Registro ainda que o produto chegou com a embalagem danificada pelo transporte, fato que agrava a situação. Fico no aguardo.;entrega;cadastro|urgente|compra;devolucao_ressarcimento
R00033;C0100;padrao;P027;Escada de alumínio 5 degraus;Escada dobrável de alumínio, capacidade de 120 kg;outros;237,82;Bazar da Serra;vendedor;4,9;2026-07-15;2026-08-15;comprei a escada de alumínio 5 degraus e o produto que chegou aqui não é esse modelo, é um parecido mas não é o que tava no pedido. preciso que alguém me ajude a resolver isso Vi que existe uma tabela de garantia mas não descobri o prazo da minha categoria.;devolucao_ressarcimento;ajuda|atendimento|produto;divergente_defeito
R00075;C0012;padrao;P022;Base líquida tom 230;Base líquida de cobertura média, 30 ml;maquiagem;79,66;Vitrine Norte;vendedor;3,1;2026-07-17;2026-08-12;O vendedor Vitrine cancelou a compra da base alegando indisponibilidade do produto, contudo, no mesmo dia, o mesmo item foi relistado na plataforma a um preço superior, evidenciando que a indisponibilidade foi declarada falsamente com o intuito deliberado de forçar uma nova compra em condições mais vantajosas para o vendedor. Trata-se de uma conduta intencional e prejudicial ao consumidor, e não de um erro operacional. Solicito que o marketplace apure os fatos e tome as medidas cabíveis contra o vendedor. Fico no aguardo. O blog de vocês fala de compra segura mas não diz o que acontece com o pagamento nesses casos.;fraude_vendedor;compra|problema|ajuda;fraude_vendedor
R00180;C0114;premium;P025;Máscara de cílios volume intenso;Máscara de cílios à prova d'água;maquiagem;34,49;BelezaViva Oficial;loja_oficial;3,5;2026-04-21;2026-05-18;A entrega da Máscara de cílios volume intenso foi recusada no momento da recepção devido à caixa visivelmente danificada, e o item retornou ao vendedor BelezaViva Oficial. Apesar disso, as parcelas do produto continuam sendo cobradas normalmente no sistema.;devolucao_ressarcimento;ajuda|compra|urgente|pagamento;devolucao_ressarcimento
R00055;C0057;premium;P018;HQ Guardiões da Aurora volume 3;História em quadrinhos, edição colorida de 96 páginas;livro;29,98;Estoque Livre;vendedor;2,7;2026-04-28;2026-05-24;Comprei a HQ dos Guardiões e recebi um produto com cor distinta da exibida nas fotos do anúncio, além de dimensões físicas consideravelmente menores do que as imagens indicavam.;divergente_defeito;compra|devolucao|atendimento|urgente;divergente_defeito
R00020;C0072;padrao;P008;Console portátil RetroPlay 400 jogos;Console portátil com tela de 3 polegadas e 400 jogos embutidos;game;290,29;Vitrine Norte;vendedor;4,4;2026-06-25;2026-07-14;paguei frete pra chegar em 13 dias úteis e hoje já faz 26 dias úteis desde a compra do console portátil retroplay 400 jogos. no décimo quarto dia fui ver o rastreamento e o pacote não tinha saído do lugar, no décimo oitavo tentei contato e não obtive resposta, no vigésimo segundo o status ainda era o mesmo. agora no vigésimo sexto dia o produto simplesmente nunca chegou aqui em casa. fui procurar a política de entregas no site pra entender o prazo que vale pra minha cidade e não encontrei nenhuma informação. to registrando tudo isso aqui inclusive pra ter base caso precise pedir o reembolso do frete lá na frente, já que o combinado não foi cumprido. mas o que eu quero mesmo saber agora é onde tá o meu pedido;fraude_vendedor;problema|pagamento|pedido|urgente;entrega
R00014;C0004;padrao;P026;Delineador líquido preto;Delineador de ponta fina, secagem rápida;maquiagem;32,59;Central das Marcas;vendedor;4,0;2026-02-09;2026-02-19;A transportadora realizou três tentativas de entrega sem sequer acionar o interfone, e o pedido acabou sendo devolvido ao vendedor Central das Marcas. Estou aguardando o delineador até hoje e a situação continua sem solução.;entrega;produto|anuncio|atendimento;entrega
R00188;C0021;padrao;P031;Mochila executiva impermeável;Mochila para notebook de até 15,6 polegadas, com saída USB;outros;205,76;Bazar da Serra;vendedor;3,4;2026-08-03;2026-09-26;comprei a mochila executiva impermeável aqui e precisava mudar o pagamento, tava no boleto e queria passar pro cartão mas nao consigo achar essa opção em lugar nenhum no app, alguem sabe como faz?;outros;ajuda|compra;outros
R00053;C0004;padrao;P024;Kit pincéis de maquiagem 12 peças;Kit com 12 pincéis e estojo de viagem;maquiagem;56,58;BelezaViva Oficial;loja_oficial;2,8;2026-06-20;2026-07-07;recebi um kit pincéis de maquiagem 12 peças aqui mas não é o que tava na foto do anúncio, os pincéis são outros. preciso que a belezaviva oficial me mande o produto certo ou me dê um retorno sobre isso;divergente_defeito;reembolso|pedido|compra|urgente;divergente_defeito
R00041;C0108;padrao;P001;Boneca de pano Amélia;Boneca artesanal de pano com vestido removível, 35 cm;brinquedo;71,09;ToyMundo Oficial;loja_oficial;3,9;2026-02-15;2026-02-25;A boneca que recebi tem vestido costurado diretamente no corpo, sem possibilidade de remoção, e o acabamento é industrial, não artesanal como indicavam a foto e a descrição do anúncio. Registro ainda que a entrega atrasou uma semana além do prometido.;devolucao_ressarcimento;compra|urgente|atendimento|frete;divergente_defeito
R00103;C0095;premium;P021;Paleta de sombras 18 cores Sunset;Paleta com 18 tons matte e cintilantes;maquiagem;70,38;Comercial Andrade;vendedor;4,9;2026-05-19;2026-06-12;comprei uma paleta de sombras 18 cores sunset e quando o pacote chegou percebi que o nome da marca estava escrito errado na embalagem, diferente do que aparecia no anúncio. abri a caixa e veio um cheiro forte de plástico que tomou conta do ambiente. fui comparar com referências do produto original e nada batia, nem a textura da embalagem nem o acabamento interno. tentei contato com o comercial andrade mas não obtive resposta. o produto continua guardado porque não me sinto segura em usar algo assim no rosto.;falsificado;reembolso|urgente|atendimento|compra;falsificado
R00089;C0036;padrao;P023;Batom matte vermelho cereja;Batom de longa duração, acabamento matte;maquiagem;37,45;Ponto Baixo Preço;vendedor;2,6;2026-01-03;2026-02-17;comprei o batom matte vermelho cereja do ponto baixo preço e quando abri a embalagem só tinha papelão dentro, que absurdo!! me sinto completamente enganada, isso é golpe puro;fraude_vendedor;problema|urgente|atendimento;fraude_vendedor
R00027;C0014;premium;P013;Cadeira gamer ErgoMax;Cadeira reclinável com apoio lombar, até 120 kg;game;737,00;Bazar da Serra;vendedor;2,5;2026-05-28;2026-06-21;Realizei a compra da Cadeira gamer ErgoMax no dia 28/05 e o pedido está atrasado, com o prazo de entrega já ultrapassado. Tentei contato com o vendedor Bazar da Serra, mas não obtive nenhuma resposta.;entrega;devolucao|atendimento|compra;entrega
R00084;C0048;padrao;P031;Mochila executiva impermeável;Mochila para notebook de até 15,6 polegadas, com saída USB;outros;123,79;Ponto Baixo Preço;vendedor;2,8;2026-05-24;2026-05-28;Bom dia. Comprei a mochila e, logo após a compra, recebi uma mensagem em nome do vendedor solicitando o número completo do meu cartão de crédito para suposta confirmação do pedido. Não forneci nenhum dado e estou registrando aqui essa abordagem irregular. Solicito que a plataforma tome providências com urgência.;fraude_vendedor;problema|urgente|produto;fraude_vendedor
R00157;C0057;premium;P030;Luminária de mesa articulada;Luminária LED com braço articulado e três tons de luz;outros;70,14;Armazém 21;vendedor;3,1;2026-08-01;2026-08-16;Comprei a Luminária de mesa articulada pelo Armazém 21 e, ao tentar devolver o produto, tive o pedido negado sob a justificativa de prazo encerrado. O problema é que esse prazo foi contado a partir da data da compra, e não da data em que recebi o item, o que não me parece correto. Solicito a revisão dessa situação. Aguardo retorno.;devolucao_ressarcimento;devolucao|compra|urgente;devolucao_ressarcimento
R00142;C0109;padrao;P019;Livro infantil O Sapo Azul;Livro ilustrado para primeiros leitores, 48 páginas;livro;44,78;Livraria Página Dez Oficial;loja_oficial;3,6;2026-07-22;2026-08-25;Atenção ao marketplace. o vendedor Página Dez está vendendo o livro junto com um software que precisa de chave de ativação, prática que não é permitida aqui.;falsificado;frete|compra|urgente;artigo_proibido
R00162;C0037;padrao;P016;Romance A Casa dos Ventos;Romance, 384 páginas, capa comum;livro;55,60;Comercial Andrade;vendedor;4,1;2026-01-28;2026-02-26;O Romance A Casa dos Ventos chegou ao vendedor Andrade há duas semanas, o rastreamento confirma que o pacote está em posse dele, porém os R$ 55,60 ainda não apareceram creditados em minha conta até a presente data. Solicito uma posição sobre quando esse pagamento será realizado.;devolucao_ressarcimento;atendimento|anuncio|ajuda;devolucao_ressarcimento
R00016;C0086;padrao;P008;Console portátil RetroPlay 400 jogos;Console portátil com tela de 3 polegadas e 400 jogos embutidos;game;342,95;Loja do Edu;vendedor;4,0;2026-07-11;2026-07-28;A transportadora já me informou por ligação que o pacote com o Console portátil RetroPlay 400 jogos foi extraviado, porém o rastreamento no aplicativo ainda aparece como em transporte. Aguardo um retorno oficial sobre o ocorrido.;devolucao_ressarcimento;urgente|pedido;entrega
R00067;C0118;padrao;P003;Quebra-cabeça 1000 peças Paisagem Alpina;Quebra-cabeça de 1000 peças, 70 x 50 cm montado;brinquedo;76,45;Estoque Livre;vendedor;4,5;2026-02-28;2026-03-23;Realizei a compra do Quebra-cabeça 1000 peças Paisagem Alpina por R$ 76,45, porém o pedido não foi entregue e o vendedor não responde nenhum contato. Verifiquei que a conta foi criada há poucas semanas e possui apenas anúncios com preços muito abaixo do mercado, o que levanta dúvidas sérias sobre a legitimidade da operação. Aguardo retorno.;fraude_vendedor;pedido|frete|ajuda|urgente;fraude_vendedor
R00074;C0112;padrao;P025;Máscara de cílios volume intenso;Máscara de cílios à prova d'água;maquiagem;40,37;Comercial Andrade;vendedor;4,1;2026-03-11;2026-03-19;Quero alertar sobre uma situação suspeita ocorrida após minha compra da Máscara de cílios volume intenso: recebi uma mensagem se passando pelo vendedor solicitando os dados completos do meu cartão sob a justificativa de confirmação do pedido. Não forneci nenhuma informação e venho registrar formalmente essa tentativa de fraude.;divergente_defeito;anuncio|pedido|urgente|compra;fraude_vendedor
R00151;C0071;padrao;P011;Teclado mecânico K-500;Teclado mecânico ABNT2 com iluminação configurável;game;400,76;Estoque Livre;vendedor;4,3;2026-02-19;2026-02-24;Adquiri o K-500 há 5 dias e o produto não correspondeu ao que eu precisava. Gostaria de entender o processo para retornar o item ao vendedor e reaver o montante desembolsado na compra.;divergente_defeito;garantia|ajuda|urgente;devolucao_ressarcimento
R00102;C0065;padrao;P013;Cadeira gamer ErgoMax;Cadeira reclinável com apoio lombar, até 120 kg;game;1000,23;Ponto Baixo Preço;vendedor;3,3;2026-01-02;2026-01-07;O número de série da cadeira adquirida pelo vendedor Ponto Baixo não aparece cadastrado no sistema oficial do fabricante, mesmo após duas consultas. O fabricante não reconhece este produto como pertencente ao seu estoque.;fraude_vendedor;pedido|atendimento|problema;falsificado
R00096;C0054;padrao;P017;Guia prático de horta urbana;Guia ilustrado de cultivo em pequenos espaços, 240 páginas;livro;68,53;Comercial Andrade;vendedor;2,7;2026-01-16;2026-03-16;Fiz o pedido e aguardei a chegada do produto. Quando ele chegou, levei até uma assistência autorizada para um atendimento de rotina. O técnico examinou o item e informou que não poderia prosseguir, pois o produto não é reconhecido como fabricado pelo fabricante legítimo. O preço que paguei era o praticado para itens do próprio fabricante, mas o que recebi não corresponde a essa origem, conforme apontado pelo técnico. Desde então aguardo um retorno sobre o ocorrido. Tentei localizar no site as orientações para envio de fotos comprobatórias, mas não encontrei o caminho para fazer isso.;falsificado;urgente|pedido|compra|pagamento;falsificado
R00091;C0086;padrao;P006;Jogo de tabuleiro Ilha do Tesouro;Jogo de estratégia para 2 a 6 jogadores, a partir de 8 anos;brinquedo;163,84;Central das Marcas;vendedor;2,8;2026-06-23;2026-06-30;O produto chegou dentro do prazo, mas logo na abertura da caixa algo chamou atenção. A embalagem era visivelmente diferente da que aparecia nas fotos do anúncio, com acabamento de qualidade inferior e sem o selo do fabricante que normalmente acompanha itens originais. A ausência desse selo, somada à diferença no material e nas impressões da embalagem, levanta dúvidas sérias sobre a procedência do que foi entregue. O anúncio da Central das Marcas descrevia o Ilha do Tesouro como vindo diretamente do fabricante, o que não parece compatível com o que chegou até mim. Solicito análise do caso e aguardo retorno.;falsificado;problema|compra|urgente;falsificado
R00002;C0010;premium;P004;Blocos de montar Cidade 350 peças;Kit de blocos plásticos compatíveis com as principais marcas;brinquedo;105,03;Central das Marcas;vendedor;3,0;2026-04-09;2026-04-29;"Ontem o sistema passou a indicar que minha encomenda havia sido entregue. Fui verificar na portaria do condomínio e os funcionários confirmaram que nenhum pacote chegou ao local naquele dia nem nos anteriores. Voltei a consultar o rastreamento e o status seguia o mesmo, sem nenhuma atualização adicional que explicasse a divergência.

Diante disso, entrei em contato para pedir que a situação fosse investigada e que o item fosse localizado. Mencionei também, de passagem, o interesse em recuperar o valor do frete, já que o prazo informado no momento da compra não foi respeitado. O foco principal, porém, continua sendo entender onde está a encomenda e resolver o problema de entrega.";entrega;urgente|garantia|atendimento;entrega
R00049;C0003;padrao;P023;Batom matte vermelho cereja;Batom de longa duração, acabamento matte;maquiagem;36,24;Loja do Edu;vendedor;3,0;2026-07-09;2026-07-12;o batom matte vermelho cereja que recebi não tem nada a ver com o que tava descrito no anúncio da loja do edu, enganação total. quero que tomem uma providênica;divergente_defeito;devolucao|urgente|atendimento;divergente_defeito
R00145;C0020;premium;P026;Delineador líquido preto;Delineador de ponta fina, secagem rápida;maquiagem;28,26;Vitrine Norte;vendedor;3,4;2026-06-01;2026-07-04;Gostaria de reportar uma irregularidade no anúncio do produto Delineador líquido preto, vendido pelo Vitrine Norte, no qual um item de venda proibida está sendo oferecido como adicional. Fico no aguardo.;artigo_proibido;problema|ajuda|produto|devolucao;artigo_proibido
R00105;C0025;padrao;P016;Romance A Casa dos Ventos;Romance, 384 páginas, capa comum;livro;39,95;Importados do Sul;vendedor;4,3;2026-01-15;2026-02-07;O produto Casa dos Ventos, adquirido pelo vendedor Importados, chegou sem selo de autenticidade e sem nota do fabricante. Solicito análise do anúncio.;falsificado;problema|urgente|pedido|cadastro;falsificado
R00073;C0050;padrao;P011;Teclado mecânico K-500;Teclado mecânico ABNT2 com iluminação configurável;game;309,06;Loja do Edu;vendedor;3,3;2026-07-25;2026-08-18;cheguei em casa animado pra usar o teclado mecânico k-500 e quando abri a embalagem tinha só uma pedra dentro, sem nenhum produto. a loja do edu mandou isso no lugar do teclado que comprei. alguem faz alguma coisa com esse vendedor pf;fraude_vendedor;urgente|ajuda;fraude_vendedor
R00200;C0048;padrao;P004;Blocos de montar Cidade 350 peças;Kit de blocos plásticos compatíveis com as principais marcas;brinquedo;153,26;Loja do Edu;vendedor;3,4;2026-08-17;2026-09-14;Adquiri os Blocos de montar Cidade 350 peças junto com um plano de garantia estendida, porém estou tendo dificuldades para entrar em contato com a Loja do Edu, pois o suporte pelo aplicativo retorna apenas respostas automáticas. Necessito de um canal de atendimento formal para tratar esse assunto.;divergente_defeito;compra|garantia|pedido;outros
R00060;C0102;padrao;P019;Livro infantil O Sapo Azul;Livro ilustrado para primeiros leitores, 48 páginas;livro;35,34;Importados do Sul;vendedor;3,3;2026-02-28;2026-04-13;Fiz o pedido com base nas especificações do anúncio, que indicavam compatibilidade com qualquer tensão da rede elétrica doméstica. A entrega levou mais tempo do que o prazo informado e a embalagem chegou amassada. Ao abrir a caixa e conectar o item, percebi que ele só opera em uma das duas tensões disponíveis no país. Como minha residência utiliza a outra tensão, o produto ficou inutilizável desde o primeiro dia. As informações que constavam no anúncio no momento da compra não correspondem ao que foi enviado.;divergente_defeito;pedido|ajuda;divergente_defeito
R00123;C0053;padrao;P010;Headset gamer HX-70;Headset com microfone destacável e som posicional;game;269,87;Vitrine Norte;vendedor;2,7;2026-07-18;2026-08-23;comprei o headset e quando chegou tava tudo certo com o produto em si. mas junto na embalagem tinha uma coisa a mais que claramente não era pra estar ali, nem pra estar sendo comercializada. fiquei esperando alguém da plataforma entrar em contato depois que reportei, mas nada. o que me preocupa é que outros pedidos devem estar saindo igual e eu não consegui achar em nenhum lugar do site as regras do que pode ou não pode ser vendido por aqui.;artigo_proibido;compra|reembolso|problema;artigo_proibido
R00066;C0038;padrao;P014;Volante com pedais RaceOne;Volante de 900 graus com pedais e câmbio borboleta;game;817,57;Loja do Edu;vendedor;4,7;2026-06-04;2026-06-07;Comprei o produto Volante com pedais RaceOne pela Edu, porém recebi a embalagem sem o produto dentro. Solicito o reembolso do valor pago e as devidas providências em relação ao vendedor.;fraude_vendedor;garantia|ajuda|problema|pedido;fraude_vendedor
R00035;C0010;premium;P019;Livro infantil O Sapo Azul;Livro ilustrado para primeiros leitores, 48 páginas;livro;41,67;Estoque Livre;vendedor;2,7;2026-04-09;2026-06-01;O produto recebido é vermelho, enquanto o anúncio exibia a cor azul, e as dimensões físicas do Sapo Azul são consideravelmente menores do que as fotos do anúncio indicavam. Comprei esperando receber exatamente o que estava apresentado na página do vendedor. Desde já agradeço.;fraude_vendedor;problema|produto|atendimento;divergente_defeito
R00109;C0029;padrao;P016;Romance A Casa dos Ventos;Romance, 384 páginas, capa comum;livro;46,27;Vitrine Norte;vendedor;3,7;2026-04-02;2026-04-11;Boa tarde. Adquiri o produto pelo vendedor Vitrine e, alguns dias depois, tentei concluir o cadastro no aplicativo oficial da marca para liberar as funcionalidades prometidas no anúncio. O sistema retornou uma mensagem informando que o código do item não pôde ser verificado. Voltei ao site para entender como encaminhar as imagens comprobatórias, mas não encontrei o caminho indicado nas instruções. Diante disso, solicito a análise do caso e o reembolso do valor pago.;falsificado;produto|problema|cadastro|urgente;falsificado
R00026;C0078;padrao;P017;Guia prático de horta urbana;Guia ilustrado de cultivo em pequenos espaços, 240 páginas;livro;72,01;Livraria Página Dez Oficial;loja_oficial;3,5;2026-02-25;2026-03-07;Boa noite. Alguns dias atrás recebi uma ligação da transportadora informando que o pacote havia sido extraviado durante o trajeto. Desde então acompanho o rastreamento no aplicativo e o status continua indicando transporte ativo, sem qualquer atualização que reflita o que me foi comunicado por telefone. Gostaria de receber um retorno oficial sobre o que aconteceu com a entrega. Registro também que, diante do prazo não cumprido, pretendo solicitar a devolução do valor do frete assim que a situação for esclarecida.;entrega;compra|atendimento;entrega
R00090;C0047;premium;P005;Pelúcia dinossauro Rex 40 cm;Pelúcia antialérgica com enchimento siliconado;brinquedo;80,80;Central das Marcas;vendedor;3,8;2026-07-19;2026-07-24;No dia em que o pedido foi registrado na plataforma, a compradora efetuou o pagamento normalmente e aguardou a entrega. Quando o pacote chegou, havia dentro dele um item completamente diferente do anunciado, uma dinossauro Rex que nunca apareceu. Antes disso, durante as tratativas, o vendedor havia solicitado dados pessoais da compradora de forma que não guardava relação com os requisitos habituais de uma transação, o que já sinalizava algo fora do esperado. Na sequência, o mesmo vendedor condicionou o envio do produto correto a um pagamento realizado fora da plataforma. A compradora não recebeu o que comprou, os valores foram retidos pelo vendedor e, a partir de determinado momento, qualquer tentativa de contato passou a ficar sem resposta. O vendedor tornou-se completamente inacessível. A plataforma dispõe de conteúdo publicado sobre compra segura, mas esse material não esclarece o que ocorre com o dinheiro do consumidor quando a situação segue o caminho descrito acima. A compradora aguarda retorno sobre como o valor pago será tratado neste caso.;fraude_vendedor;ajuda|compra|pedido;fraude_vendedor
R00098;C0041;padrao;P024;Kit pincéis de maquiagem 12 peças;Kit com 12 pincéis e estojo de viagem;maquiagem;85,05;Importados do Sul;vendedor;3,1;2026-04-15;2026-04-25;abri a caixa do kit de pincéis de maquiagem 12 peças e a primeira coisa que notei foi a ausência do lacre, que deveria estar intacto num produto novo. junto veio um manual que é claramente uma fotocópia em preto e branco, diferente do material impresso que acompanha os produtos originais da marca. não é o que estava anunciado, mas o que me preocupa mesmo é o conjunto dessas evidências apontando para algo mais sério. quero que o marketplace registre essa ocorrência formalmente.;divergente_defeito;produto|ajuda|frete;falsificado
R00187;C0033;padrao;P017;Guia prático de horta urbana;Guia ilustrado de cultivo em pequenos espaços, 240 páginas;livro;55,29;Central das Marcas;vendedor;2,8;2026-02-24;2026-02-27;Comprei o livro com a condição de pagamento em 10 vezes sem juros, conforme estava descrito no anúncio, porém as parcelas na fatura vieram com valor acrescido de juros. Obrigado pela atenção.;entrega;problema|urgente|pedido;outros
R00182;C0073;padrao;P002;Carrinho de controle remoto TurboMax;Carrinho off-road com controle de 2,4 GHz e bateria recarregável;brinquedo;213,41;Comercial Andrade;vendedor;2,5;2026-03-19;2026-04-03;Comprei o carrinho e a nota fiscal não foi enviada para o meu e-mail. Preciso do documento para dar entrada no seguro do produto. Solicito orientação sobre o procedimento para obter a segunda via.;entrega;produto|pedido|garantia;outros
R00110;C0042;premium;P013;Cadeira gamer ErgoMax;Cadeira reclinável com apoio lombar, até 120 kg;game;1076,96;Loja do Edu;vendedor;4,8;2026-05-21;2026-05-27;O produto recebido não corresponde ao anunciado. a Cadeira gamer ErgoMax entregue é claramente uma réplica de baixa qualidade, enquanto o anúncio utiliza imagens oficiais da fabricante. Trata-se de um item falsificado sendo comercializado como original. Solicito providências. Obrigado pela atenção.;falsificado;urgente|atendimento;falsificado
R00136;C0035;padrao;P019;Livro infantil O Sapo Azul;Livro ilustrado para primeiros leitores, 48 páginas;livro;43,95;Importados do Sul;vendedor;2,8;2026-03-13;2026-04-30;A descrição do Sapo Azul menciona um acessório que, conforme a legislação vigente, exige um número de registro específico para ser vendido, mas essa informação não aparece em nenhum lugar da página do produto.;artigo_proibido;compra|produto|ajuda|devolucao;artigo_proibido
R00012;C0021;padrao;P010;Headset gamer HX-70;Headset com microfone destacável e som posicional;game;287,86;GameStation Oficial;loja_oficial;4,6;2026-03-14;2026-03-19;O sistema do marketplace registrou o pedido do headset como concluído ontem, porém o produto não se encontra em minha residência e nenhum morador da portaria assinou qualquer recebimento em meu nome. Solicito a localização do item e o reembolso do valor do frete pago, uma vez que o serviço pelo qual paguei não foi executado conforme o combinado. Aguardo retorno.;entrega;problema|pagamento|pedido|ajuda;entrega
R00095;C0076;padrao;P006;Jogo de tabuleiro Ilha do Tesouro;Jogo de estratégia para 2 a 6 jogadores, a partir de 8 anos;brinquedo;139,21;Armazém 21;vendedor;2,6;2026-03-06;2026-04-20;O Ilha do Tesouro adquirido pelo vendedor Armazém chegou sem selo de autenticidade e sem documentação do fabricante. Solicito análise do anúncio e resolução com urgência. Desde já agradeço.;falsificado;atendimento|produto|ajuda;falsificado
R00167;C0099;padrao;P009;Controle sem fio GamePro X;Controle bluetooth com vibração, compatível com PC e celular;game;196,48;Importados do Sul;vendedor;3,7;2026-01-11;2026-02-07;O vendedor Importados do Sul está se recusando a aceitar a devolução do Controle sem fio GamePro X, argumentando que o prazo expirou, porém está contando esse prazo a partir da data da compra e não da data de recebimento do produto, o que considero incorreto. Solicito que o caso seja revisado e que uma resolução seja providenciada com urgência.;devolucao_ressarcimento;urgente|compra;devolucao_ressarcimento
R00186;C0096;padrao;P007;Patinete infantil dobrável;Patinete de 3 rodas com altura ajustável, até 50 kg;brinquedo;223,30;ToyMundo Oficial;loja_oficial;3,6;2026-02-08;2026-03-05;Troquei de celular e agora não consigo acessar minha conta, pois o código de verificação não chega ao novo número. Tenho um pedido do patinete aguardando e preciso de acesso para acompanhá-lo. Aguardo retorno.;outros;ajuda|urgente;outros
R00111;C0120;premium;P012;Mouse gamer Vortex 12000 dpi;Mouse com sensor óptico de 12000 dpi e 7 botões;game;130,79;Armazém 21;vendedor;5,0;2026-01-27;2026-02-24;Fiz o pedido no Armazém e o mouse chegou alguns dias depois. Ao abrir a caixa, a embalagem já chamou atenção por ter um acabamento diferente do padrão que o fabricante divulga oficialmente, e o produto em si apresentava um acabamento visivelmente grosseiro. Procurei o selo de garantia e ele simplesmente não estava incluso. O anúncio indicava que se tratava de um item direto do fabricante, mas o que recebi não corresponde a nenhuma característica que um produto legítimo dessa marca costuma apresentar.;falsificado;produto|reembolso|ajuda|compra;falsificado
R00001;C0092;padrao;P014;Volante com pedais RaceOne;Volante de 900 graus com pedais e câmbio borboleta;game;874,12;Bazar da Serra;vendedor;2,5;2026-05-13;2026-06-07;Prezados, Fiz a compra do RaceOne em 13/05 com entrega prevista para 14 dias úteis, porém o produto nunca foi entregue. O código de rastreamento está sem atualizações há dias e o vendedor Bazar não consegue informar uma nova data de entrega.;entrega;reembolso|produto|urgente|problema;entrega
R00139;C0033;padrao;P027;Escada de alumínio 5 degraus;Escada dobrável de alumínio, capacidade de 120 kg;outros;197,97;Central das Marcas;vendedor;4,5;2026-04-24;2026-06-06;Bom dia. Ao receber minha Escada de alumínio 5 degraus, verifiquei que havia um item extra na embalagem que não faz parte do meu pedido e que, pelo que entendo, não deveria ser comercializado ou enviado dessa maneira. Gostaria de registrar uma denúncia formal e receber as devidas orientações sobre como proceder. Aguardo retorno.;outros;produto|problema|frete|compra;artigo_proibido
R00173;C0118;padrao;P010;Headset gamer HX-70;Headset com microfone destacável e som posicional;game;255,75;GameStation Oficial;loja_oficial;3,6;2026-04-28;2026-05-16;comprei o headset gamer hx-70 por r$ 255,75 e o valor que voltou pra minha conta foi menor do que isso. ja tentei falar com a gamestation oficial mas ninguem consegue me explicar pq teve essa diferença. cadê o restante do meu dinheiro??;divergente_defeito;produto|atendimento|urgente|garantia;devolucao_ressarcimento
R00195;C0117;padrao;P010;Headset gamer HX-70;Headset com microfone destacável e som posicional;game;274,12;GameStation Oficial;loja_oficial;2,8;2026-02-03;2026-03-02;Fiz um pedido do headset hoje de manhã por erro e preciso cancelá-lo, porém o botão de cancelamento não aparece no aplicativo.;outros;pagamento|compra|atendimento|ajuda;outros
R00024;C0042;premium;P030;Luminária de mesa articulada;Luminária LED com braço articulado e três tons de luz;outros;81,72;Casa & Cia Oficial;loja_oficial;4,4;2026-04-15;2026-04-30;O histórico do pedido registra três visitas ao meu endereço, mas o interfone não foi acionado em nenhuma das ocasiões. A luminária de mesa articulada acabou retornando ao estoque do vendedor e segue sem chegar até mim. Tentei localizar no site a política de entregas com o prazo aplicável à minha cidade, mas não encontrei essa informação. Diante disso, solicito o reembolso do valor pago, incluindo o frete, dado que o prazo não foi cumprido.;entrega;compra|ajuda|pedido;entrega
R00031;C0002;premium;P019;Livro infantil O Sapo Azul;Livro ilustrado para primeiros leitores, 48 páginas;livro;29,69;Livraria Página Dez Oficial;loja_oficial;3,6;2026-03-09;2026-03-14;O produto entregue pela Página Dez é o Sapo Azul, porém o anúncio apresentava fotos e descrição de uma edição ilustrada voltada para primeiros leitores, e o exemplar recebido possui qualidade visivelmente abaixo do que foi exibido na página de venda.;divergente_defeito;urgente|reembolso|problema|pedido;divergente_defeito
R00129;C0008;premium;P010;Headset gamer HX-70;Headset com microfone destacável e som posicional;game;150,37;Central das Marcas;vendedor;2,5;2026-08-22;2026-09-25;Boa noite. Fiz uma compra recente na plataforma e o pedido chegou sem problemas, um headset gamer. O que me trouxe aqui foi algo que veio junto na mesma embalagem, um item adicional que não constava no pedido e que, pelo que tenho conhecimento, está sujeito a exigências específicas para ser comercializado e transportado de forma separada. Gostaria de saber como devo proceder a partir disso e que o ocorrido fique registrado. Aguardo retorno. Não encontrei no site nenhuma relação do que é permitido ou não ser vendido.;artigo_proibido;produto|ajuda|atendimento;artigo_proibido
R00137;C0066;padrao;P006;Jogo de tabuleiro Ilha do Tesouro;Jogo de estratégia para 2 a 6 jogadores, a partir de 8 anos;brinquedo;113,99;Vitrine Norte;vendedor;2,5;2026-07-04;2026-07-08;O vendedor Vitrine Norte usa o Jogo de tabuleiro Ilha do Tesouro para, nas respostas às perguntas dos compradores, oferecer um produto diferente do que está sendo vendido ali, sendo que esse outro produto não pode ser vendido neste site. O problema não tem relação com a qualidade do jogo em si, mas com a tentativa de vender algo que vai contra as regras vigentes. Solicito análise do caso e retorno. Aguardo retorno.;artigo_proibido;atendimento|ajuda;artigo_proibido
R00010;C0082;padrao;P017;Guia prático de horta urbana;Guia ilustrado de cultivo em pequenos espaços, 240 páginas;livro;76,16;Importados do Sul;vendedor;2,8;2026-07-27;2026-08-09;fiz o pedido do guia prático de horta urbana tem mais de 24 dias uteis e o produto ainda nao apareceu aqui em casa. paguei frete pra isso. a data que me mostraram no site ja mudou tres vezes e continua sem aparecer nada;entrega;problema|ajuda|compra|frete;entrega
R00191;C0085;padrao;P001;Boneca de pano Amélia;Boneca artesanal de pano com vestido removível, 35 cm;brinquedo;66,10;ToyMundo Oficial;loja_oficial;4,6;2026-08-07;2026-08-16;Boa tarde. O aplicativo apresenta falha ao tentar atualizar o endereço de entrega do meu pedido da Boneca de pano Amélia, que ainda não foi despachado, a cada tentativa, surge uma mensagem de erro e a alteração não é salva.;outros;urgente|compra;outros
R00158;C0051;padrao;P024;Kit pincéis de maquiagem 12 peças;Kit com 12 pincéis e estojo de viagem;maquiagem;95,52;MegaOfertas SP;vendedor;3,8;2026-05-24;2026-06-17;já tentei 5 vezes gerar a etiqueta de postagem pelo app pra fazer a postagem do kit pincéis de maquiagem 12 peças, mas o app não deixa, dá erro toda vez. o produto tá aqui parado em casa sem eu conseguir fazer nada com ele Li a política de devolução no site mas não entendi qual prazo vale para o meu caso.;entrega;problema|produto|garantia;devolucao_ressarcimento
R00122;C0045;premium;P028;Cafeteira elétrica Aroma 30 xícaras;Cafeteira com jarra de vidro e desligamento automático;outros;154,59;Casa & Cia Oficial;loja_oficial;3,3;2026-07-26;2026-08-31;Venho registrar uma denúncia referente ao vendedor Casa & Cia Oficial, que está vendendo software ativado por chave junto com a Cafeteira elétrica Aroma 30 xícaras, prática que não é permitida aqui. Solicito que o caso seja analisado e resolvido com urgência. Obrigado pela atenção.;falsificado;compra|pedido|problema|cadastro;artigo_proibido
R00046;C0013;premium;P019;Livro infantil O Sapo Azul;Livro ilustrado para primeiros leitores, 48 páginas;livro;48,94;Ponto Baixo Preço;vendedor;3,9;2026-02-15;2026-02-28;Fiz o pedido e aguardei além do prazo previsto até que o Sapo Azul chegasse em 15/02. Ao abrir a embalagem, notei que alguns parafusos não estavam presentes e que o manual encontrado dentro da caixa pertence a outro produto. Por isso, solicito a troca do item. Obrigado pela atenção.;fraude_vendedor;compra|frete|ajuda|produto;divergente_defeito
R00025;C0100;padrao;P004;Blocos de montar Cidade 350 peças;Kit de blocos plásticos compatíveis com as principais marcas;brinquedo;158,99;Importados do Sul;vendedor;3,7;2026-01-25;2026-01-30;O pedido dos Blocos de montar Cidade 350 peças, adquirido pelo vendedor Importados do Sul, foi entregue em uma cidade errada devido a uma etiqueta com endereço incorreto, sendo que meu cadastro está devidamente atualizado. Até o momento, nenhuma das partes assumiu a responsabilidade pela correção do problema.;devolucao_ressarcimento;ajuda|problema|reembolso;entrega
R00197;C0005;padrao;P018;HQ Guardiões da Aurora volume 3;História em quadrinhos, edição colorida de 96 páginas;livro;41,09;Ponto Baixo Preço;vendedor;4,6;2026-07-11;2026-08-27;Gostaria de registrar uma reclamação referente ao parcelamento da minha compra. O anúncio do HQ Guardiões da Aurora volume 3 informava 10 vezes sem juros, porém a fatura chegou com juros embutidos nas parcelas.;outros;compra|pagamento|ajuda|produto;outros
R00039;C0012;padrao;P026;Delineador líquido preto;Delineador de ponta fina, secagem rápida;maquiagem;35,27;Estoque Livre;vendedor;4,1;2026-06-09;2026-07-02;o delineador líquido preto que recebi do estoque livre não tem nada a ver com o que tava escrito na descrição do anúncio. quero uma solução pra isso;divergente_defeito;reembolso|atendimento|urgente;divergente_defeito
R00108;C0092;padrao;P010;Headset gamer HX-70;Headset com microfone destacável e som posicional;game;192,57;Loja do Edu;vendedor;4,0;2026-02-12;2026-03-15;o headset gamer hx-70 que recebi claramente não é autêntico da marca. a caixa veio sem lacre e o manual é uma fotocópia em preto e branco, o que mostra que esse produto é uma imitação sendo vendida como se fosse original. alguém precisa verificar esse anúncio urgente.;falsificado;ajuda|cadastro|problema|atendimento;falsificado
R00130;C0118;padrao;P028;Cafeteira elétrica Aroma 30 xícaras;Cafeteira com jarra de vidro e desligamento automático;outros;179,62;Importados do Sul;vendedor;4,9;2026-02-17;2026-03-01;A loja Importados usa a página da cafeteira para oferecer uma lista de produtos sob encomenda, sendo que alguns desses produtos têm a venda proibida neste site.;artigo_proibido;urgente|compra|ajuda;artigo_proibido
R00134;C0065;padrao;P009;Controle sem fio GamePro X;Controle bluetooth com vibração, compatível com PC e celular;game;200,14;Importados do Sul;vendedor;4,9;2026-06-02;2026-06-11;Prezados, A loja utilizou a entrega do controle para incluir na embalagem um panfleto com oferta de produto e contato de WhatsApp, com o objetivo de direcionar negociações para fora desta plataforma. A comercialização desse tipo de material constitui uma prática não permitida nos termos de uso do marketplace. Solicito que a situação seja apurada pelas equipes responsáveis. Desde já agradeço.;artigo_proibido;compra|atendimento;artigo_proibido
R00052;C0109;padrao;P015;Box trilogia O Reino Partido;Box com os três volumes da trilogia, capa dura;livro;187,81;Ponto Baixo Preço;vendedor;4,6;2026-06-03;2026-07-26;Olá, tudo bem? O box de livros chegou com um ruído anormal e se desliga sem que eu faça nada. Entrei em contato com o vendedor Ponto Baixo solicitando a troca desde a semana passada e até agora não recebi nenhuma resposta.;divergente_defeito;atendimento|produto|anuncio|pedido;divergente_defeito
R00005;C0101;premium;P001;Boneca de pano Amélia;Boneca artesanal de pano com vestido removível, 35 cm;brinquedo;88,41;ToyMundo Oficial;loja_oficial;2,6;2026-08-10;2026-08-28;Fiz um pedido pelo ToyMundo e, alguns dias depois, recebi a confirmação de entrega, mas o pacote tinha ido para outra cidade. Meu endereço no cadastro estava correto e atualizado naquele momento. Ao verificar a etiqueta gerada para o envio, percebi que os dados impressos não correspondiam ao meu endereço real. Entrei em contato com o vendedor, que não assumiu nenhuma responsabilidade pelo ocorrido. Procurei então o marketplace, e a resposta foi a mesma. Fui ao site tentar entender qual prazo se aplicaria a uma nova tentativa de entrega para minha cidade, mas não encontrei essa informação em lugar nenhum. Estou acompanhando a situação e, dependendo do desfecho, vou avaliar a possibilidade de solicitar o reembolso do valor pago.;entrega;reembolso|ajuda|compra|problema;entrega
R00028;C0047;premium;P027;Escada de alumínio 5 degraus;Escada dobrável de alumínio, capacidade de 120 kg;outros;265,90;Casa & Cia Oficial;loja_oficial;4,6;2026-08-23;2026-09-01;Comprei a Escada de alumínio 5 degraus com prazo suficiente para que chegasse antes de uma data específica, porém o aniversário já passou e o produto ainda não está em meu poder. O pedido permanece sem movimentação até o momento.;entrega;pagamento|atendimento|ajuda|pedido;entrega
R00034;C0011;padrao;P014;Volante com pedais RaceOne;Volante de 900 graus com pedais e câmbio borboleta;game;767,93;GameStation Oficial;loja_oficial;2,6;2026-03-08;2026-03-22;O RaceOne parou de funcionar após três dias de uso, e o botão principal já afundou na primeira vez que foi pressionado. O produto ainda está dentro do período de garantia e solicito a troca imediata. Registro ainda que a entrega chegou com mais de dez dias de atraso em relação ao prazo informado no momento da compra. Obrigado pela atenção.;divergente_defeito;produto|cadastro|pedido;divergente_defeito
R00099;C0093;padrao;P011;Teclado mecânico K-500;Teclado mecânico ABNT2 com iluminação configurável;game;407,97;Comercial Andrade;vendedor;4,0;2026-06-07;2026-07-28;O teclado não foi reconhecido pelo aplicativo oficial da marca ao tentar registrá-lo na plataforma de autenticidade. Solicito que o anúncio do vendedor Comercial Andrade seja removido e que meu reembolso seja processado o quanto antes. Desde já agradeço.;falsificado;compra|ajuda|pedido|frete;falsificado
R00097;C0062;padrao;P004;Blocos de montar Cidade 350 peças;Kit de blocos plásticos compatíveis com as principais marcas;brinquedo;100,07;Ponto Baixo Preço;vendedor;2,8;2026-08-07;2026-08-31;Comprei os blocos e fiquei extremamente insatisfeito com a qualidade do produto recebido. As peças apresentam acabamento visivelmente inferior ao padrão original, com cores e detalhes do logotipo completamente fora do esperado. Já adquiri este mesmo produto anteriormente e consigo identificar claramente que se trata de uma falsificação, o que é confirmado pelas avaliações de outros compradores do vendedor Ponto Baixo. Solicito uma solução imediata para este problema.;falsificado;ajuda|compra|urgente;falsificado
R00059;C0055;padrao;P002;Carrinho de controle remoto TurboMax;Carrinho off-road com controle de 2,4 GHz e bateria recarregável;brinquedo;136,30;Ponto Baixo Preço;vendedor;3,5;2026-02-16;2026-04-05;o carrinho de controle remoto turbomax que comprei na ponto baixo preço não tem nada a ver com o que tava escrito na descrição, as especificações que apareciam no anuncio não batem com o produto que chegou aqui na minha mão. quero que resolvam isso pra mim;divergente_defeito;compra|garantia|atendimento;divergente_defeito
R00018;C0087;padrao;P022;Base líquida tom 230;Base líquida de cobertura média, 30 ml;maquiagem;43,67;Bazar da Serra;vendedor;3,6;2026-05-08;2026-05-19;Fiz a compra da base tom 230 com antecedência de duas semanas em relação à data de aniversário para a qual era destinada, porém o produto não estava em mãos quando a ocasião chegou. O pedido permanece sem movimentação até o momento. E de quebra o aplicativo não me deixa alterar o endereço de um outro pedido, fica o registro. Desde já agradeço.;devolucao_ressarcimento;atendimento|pedido;entrega
R00152;C0034;padrao;P016;Romance A Casa dos Ventos;Romance, 384 páginas, capa comum;livro;47,93;Estoque Livre;vendedor;4,7;2026-06-28;2026-07-26;O livro chegou ao vendedor há duas semanas, conforme confirmado pelo rastreamento, e desde então aguardo que os R$ 47,93 sejam processados. O valor ainda não aparece disponível na minha conta. Consultei a política do site mas não consegui identificar qual prazo se aplica à minha situação. Gostaria de saber quando esse montante será creditado.;devolucao_ressarcimento;ajuda|problema|anuncio;devolucao_ressarcimento
R00153;C0027;premium;P028;Cafeteira elétrica Aroma 30 xícaras;Cafeteira com jarra de vidro e desligamento automático;outros;115,60;Casa & Cia Oficial;loja_oficial;4,9;2026-04-26;2026-04-29;paguei r$ 115,60 na cafeteira elétrica aroma 30 xícaras e o valor que voltou pra minha conta foi menor do que isso. a diferença simplesmente sumiu, entrei em contato mas ninguem consegue me dizer onde foi parar esse dinheiro. preciso receber o valor completo que paguei;devolucao_ressarcimento;atendimento|anuncio|ajuda|problema;devolucao_ressarcimento
R00117;C0092;padrao;P029;Panela de pressão 4,5 litros;Panela de pressão com fechamento externo e válvula de segurança;outros;98,30;Bazar da Serra;vendedor;4,3;2026-08-03;2026-10-02;A Panela de pressão 4,5 litros recebida apresenta costuras, impressão e coloração do logotipo visivelmente divergentes do padrão divulgado pela marca em seus canais oficiais, o que, somado aos relatos idênticos de outros compradores do vendedor Bazar da Serra, indica que o produto comercializado é uma imitação vendida como se fosse autêntica da marca. Solicito resolução urgente do caso.;divergente_defeito;problema|atendimento|pedido|reembolso;falsificado
R00088;C0014;premium;P012;Mouse gamer Vortex 12000 dpi;Mouse com sensor óptico de 12000 dpi e 7 botões;game;143,55;Central das Marcas;vendedor;4,3;2026-02-11;2026-03-28;Após realizar minha compra do Vortex, recebi um e-mail suspeito se passando pela plataforma, contendo um link para pagamento do pedido. Acredito que o vendedor Central das Marcas pode ter sido responsável pelo vazamento dos meus dados pessoais e informações da compra. Fico no aguardo.;fraude_vendedor;frete|atendimento|urgente|pedido;fraude_vendedor
R00176;C0012;padrao;P003;Quebra-cabeça 1000 peças Paisagem Alpina;Quebra-cabeça de 1000 peças, 70 x 50 cm montado;brinquedo;67,60;Armazém 21;vendedor;2,7;2026-04-12;2026-04-26;Solicitei a devolução do quebra-cabeça, que foi aprovada pelo sistema, porém a coleta do item ainda não foi agendada. Estou aguardando o reembolso no valor de R$ 67,60. Fico no aguardo.;divergente_defeito;produto|ajuda|problema;devolucao_ressarcimento
R00043;C0098;padrao;P029;Panela de pressão 4,5 litros;Panela de pressão com fechamento externo e válvula de segurança;outros;132,09;Vitrine Norte;vendedor;3,3;2026-07-15;2026-08-07;veio o modelo errado!!! pedi a Panela de pressao 4,5 litros e chegou outro parecido mas nao e o que eu pedi. alguem resolve isso pfv E a caixa veio amassada, o transporte também não ajudou.;divergente_defeito;pagamento|atendimento|pedido;divergente_defeito
R00068;C0012;padrao;P030;Luminária de mesa articulada;Luminária LED com braço articulado e três tons de luz;outros;127,24;Central das Marcas;vendedor;3,3;2026-07-28;2026-08-06;Fiz a compra de uma Luminária de mesa articulada e, dias depois, recebi uma mensagem eletrônica que não partiu dos canais oficiais da plataforma. O conteúdo dessa mensagem trazia detalhes precisos sobre a transação, incluindo o item adquirido e informações específicas da compra, o que me chamou atenção imediatamente. A mensagem continha um link direcionando para um pagamento relacionado ao pedido. Considerando que esses dados são restritos, o vendedor Central das Marcas figura como o único com acesso a eles no momento em que a situação ocorreu. Consultei o blog da plataforma em busca de orientações sobre o que acontece com o valor pago em circunstâncias como essa, mas as informações disponíveis abordam apenas a etapa anterior à finalização da compra, sem esclarecer os próximos passos para quem já passou por isso.;entrega;compra|pedido;fraude_vendedor
R00131;C0039;padrao;P030;Luminária de mesa articulada;Luminária LED com braço articulado e três tons de luz;outros;108,55;Bazar da Serra;vendedor;4,3;2026-02-21;2026-04-19;A Luminária de mesa articulada vendida pelo Bazar da Serra inclui como brinde, conforme mostrado na terceira foto do anúncio, um item que a plataforma remove quando colocado à venda de forma independente. Solicito que o anúncio seja analisado pela equipe responsável.;artigo_proibido;ajuda|frete|pedido;artigo_proibido
R00169;C0120;premium;P024;Kit pincéis de maquiagem 12 peças;Kit com 12 pincéis e estojo de viagem;maquiagem;75,81;BelezaViva Oficial;loja_oficial;4,6;2026-01-18;2026-02-14;Prezados, Adquiri o kit de pincéis por R$ 75,81 em oferta promocional, porém o crédito lançado na minha conta corresponde a um montante inferior ao que efetivamente paguei. Solicito a correção do crédito para R$ 75,81, preço promocional cobrado na compra.;devolucao_ressarcimento;compra|anuncio|problema;devolucao_ressarcimento
R00160;C0100;padrao;P024;Kit pincéis de maquiagem 12 peças;Kit com 12 pincéis e estojo de viagem;maquiagem;110,67;BelezaViva Oficial;loja_oficial;4,1;2026-03-21;2026-04-13;Recusei o recebimento do kit de pincéis no momento da entrega porque a embalagem estava danificada, e o item retornou ao vendedor BelezaViva Oficial sem que eu o aceitasse. Mesmo assim, as cobranças parceladas seguem sendo realizadas normalmente no meu cartão.;devolucao_ressarcimento;urgente|atendimento|devolucao;devolucao_ressarcimento
R00047;C0112;padrao;P012;Mouse gamer Vortex 12000 dpi;Mouse com sensor óptico de 12000 dpi e 7 botões;game;106,00;GameStation Oficial;loja_oficial;4,7;2026-07-20;2026-09-04;Bom dia. A caixa do Mouse gamer Vortex 12000 dpi chegou sem todos os itens listados no manual, e os componentes ausentes são necessários para o funcionamento do produto. Entrei em contato aguardando uma solução. Fico no aguardo.;fraude_vendedor;urgente|pedido|devolucao;divergente_defeito
R00150;C0074;padrao;P010;Headset gamer HX-70;Headset com microfone destacável e som posicional;game;225,62;Armazém 21;vendedor;4,6;2026-07-14;2026-07-28;A loja Armazém apresenta na página do HX-70 uma lista de produtos que podem ser pedidos sob encomenda, e alguns desses produtos estão bloqueados para venda no marketplace. Fico no aguardo.;artigo_proibido;garantia|problema|atendimento;artigo_proibido
R00037;C0030;padrao;P021;Paleta de sombras 18 cores Sunset;Paleta com 18 tons matte e cintilantes;maquiagem;101,26;BelezaViva Oficial;loja_oficial;3,0;2026-01-25;2026-03-12;Quando o pedido finalmente chegou, depois de mais de dez dias além do prazo informado no momento da compra, abri a embalagem e conferi o manual. A lista de componentes indicava peças que simplesmente não estavam dentro da caixa. Sem esses itens, a paleta não tem como ser utilizada. Tentei verificar as condições de garantia para entender como proceder, mas não consegui identificar o prazo aplicável à minha categoria de produto.;divergente_defeito;ajuda|anuncio|problema;divergente_defeito
R00154;C0018;padrao;P033;Suporte veicular para celular;Suporte de painel com trava automática;outros;68,42;Importados do Sul;vendedor;3,7;2026-07-02;2026-07-12;Comprei o Suporte veicular para celular no dia 02/07 e quero cancelar o pedido. Preciso saber como proceder para remeter o produto ao vendedor e reaver meu dinheiro. Quais são as etapas necessárias para isso e qual é o prazo disponível? Fico no aguardo.;entrega;problema|urgente|garantia;devolucao_ressarcimento
R00106;C0068;premium;P014;Volante com pedais RaceOne;Volante de 900 graus com pedais e câmbio borboleta;game;745,31;Estoque Livre;vendedor;3,2;2026-07-11;2026-07-25;Boa noite. Levei o Volante com pedais RaceOne a uma assistência autorizada e o técnico se recusou a fazer o atendimento, pois identificou que o produto não é fabricado pela marca. O valor que paguei corresponde ao de um produto genuíno da fabricante, mas o que recebi não passou pela linha de produção dela.;falsificado;compra|urgente|atendimento;falsificado
R00057;C0070;padrao;P001;Boneca de pano Amélia;Boneca artesanal de pano com vestido removível, 35 cm;brinquedo;60,09;Armazém 21;vendedor;2,5;2026-05-26;2026-06-09;Recebi a boneca e, ao abrir a caixa, percebi que alguns itens listados no manual não estavam incluídos no pacote. Sem essas peças, o produto não pode ser utilizado.;divergente_defeito;pagamento|produto|problema;divergente_defeito
R00044;C0085;padrao;P031;Mochila executiva impermeável;Mochila para notebook de até 15,6 polegadas, com saída USB;outros;196,58;Ponto Baixo Preço;vendedor;3,5;2026-03-16;2026-03-21;Comprei a Mochila executiva impermeável há poucos dias e já apresentou defeito: uma peça veio rachada de fábrica e o produto parou de funcionar após apenas três dias de uso. O item ainda está dentro do prazo de garantia e solicito a substituição imediata. Aguardo contato do vendedor para resolução. Vi que existe uma tabela de garantia mas não descobri o prazo da minha categoria.;devolucao_ressarcimento;pedido|frete|ajuda;divergente_defeito
R00124;C0078;padrao;P013;Cadeira gamer ErgoMax;Cadeira reclinável com apoio lombar, até 120 kg;game;724,77;Comercial Andrade;vendedor;3,3;2026-01-28;2026-02-04;A aquisição da cadeira veio acompanhada de material promocional incentivando a realização de negócios por meio de canal externo à plataforma, com contato direto via WhatsApp. Trata-se de uma prática que viola as regras de comercialização vigentes neste marketplace, razão pela qual registro formalmente a ocorrência.;artigo_proibido;pedido|problema;artigo_proibido
R00121;C0074;padrao;P015;Box trilogia O Reino Partido;Box com os três volumes da trilogia, capa dura;livro;184,26;Central das Marcas;vendedor;4,1;2026-06-08;2026-06-30;A terceira imagem do anúncio do Box trilogia O Reino Partido mostra um brinde que, ao que parece, não pode ser comercializado nesta plataforma. Solicito que o vendedor Central das Marcas seja analisado por esta irregularidade.;artigo_proibido;compra|pedido|cadastro;artigo_proibido
R00156;C0028;premium;P023;Batom matte vermelho cereja;Batom de longa duração, acabamento matte;maquiagem;44,50;Ponto Baixo Preço;vendedor;2,6;2026-07-27;2026-08-04;Pedi a coleta do Batom matte vermelho cereja, a coleta teve aprovação no sistema, mas nenhum agendamento aconteceu até agora. O crédito de R$ 44,50 referente ao produto ainda não apareceu na minha conta. Aguardo uma posição sobre o andamento do caso.;divergente_defeito;urgente|compra|atendimento|pagamento;devolucao_ressarcimento
R00115;C0089;premium;P033;Suporte veicular para celular;Suporte de painel com trava automática;outros;65,92;Loja do Edu;vendedor;3,5;2026-02-21;2026-03-14;Bom dia. Comprei o suporte veicular para celular na Edu e, ao receber o produto, notei que ele estava diferente do que foi anunciado, pois não havia selo de identificação do fabricante nem nota fiscal do fabricante na embalagem. Ao examinar o item com mais atenção, ficou evidente que se trata de uma imitação comercializada como se fosse um produto autêntico da marca. Solicito análise do anúncio e aguardo retorno.;divergente_defeito;problema|pedido|anuncio;falsificado
R00056;C0007;padrao;P014;Volante com pedais RaceOne;Volante de 900 graus com pedais e câmbio borboleta;game;773,60;MegaOfertas SP;vendedor;4,4;2026-06-08;2026-06-19;Recebi o volante com defeito: uma peça veio rachada e o produto não liga. A compra foi realizada em 08/06 e solicito a troca do item.;divergente_defeito;garantia|atendimento|ajuda;divergente_defeito
R00022;C0027;premium;P027;Escada de alumínio 5 degraus;Escada dobrável de alumínio, capacidade de 120 kg;outros;202,01;MegaOfertas SP;vendedor;3,7;2026-07-13;2026-08-05;O status do meu pedido foi atualizado para entregue, porém a Escada de alumínio 5 degraus não chegou até mim e a portaria do meu prédio confirmou que nenhuma encomenda foi recebida no meu nome. Solicito que o envio seja rastreado e o problema resolvido.;entrega;produto|pedido|compra|frete;entrega
